분류,표기,요미가나,한국어 뜻
중급,相互,そうご,"상호, 서로"
중급,規模,きぼ,규모
중급,辛い,からい,맵다
중급,触れる,ふれる,"닿다, 언급하다"
중급,景色,けしき,경치
중급,尊重する,そんちょうする,존중하다
중급,備える,そなえる,대비하다
중급,治療,ちりょう,치료
중급,防災,ぼうさい,방재
중급,隣,となり,"옆, 이웃"
중급,敗れる,やぶれる,패배하다
중급,地元,じもと,"고장, 현지"
중급,要求,ようきゅう,요구
중급,密接な,みっせつな,밀접한
중급,祝う,いわう,축하하다
중급,豊富な,ほうふな,풍부한
중급,調節,ちょうせつ,조절
중급,補う,おぎなう,"보완하다, 보충하다"
중급,至急,しきゅう,"지급, 매우 급함"
중급,率直な,そっちょくな,솔직한
중급,装置,そうち,장치
중급,抽象的な,ちゅうしょうてきな,추상적인
중급,占める,しめる,"차지하다, 점유하다"
중급,返却,へんきゃく,반납
중급,削除,さくじょ,삭제
중급,針,はり,바늘
중급,焦点,しょうてん,초점
중급,撮影,さつえい,촬영
중급,略する,りゃくする,"생략하다, 줄이다"
중급,破片,はへん,파편
중급,世の中,よのなか,세상
중급,清潔な,せいけつな,청결한
중급,勧誘,かんゆう,권유
중급,隠す,かくす,숨기다
중급,改めて,あらためて,다시
중급,姿勢,しせい,자세
중급,拡充,かくじゅう,확충
중급,積む,つむ,쌓다
중급,模範,もはん,모범
중급,逃亡,とうぼう,도망
중급,大幅に,おおはばに,대폭적으로
중급,極端な,きょくたんな,극단적인
중급,悔しい,くやしい,억울하다
중급,戻す,もどす,되돌리다
중급,幼稚な,ようちな,유치한
중급,継続,けいぞく,계속
중급,圧勝,あっしょう,압승
중급,除く,のぞく,"제외하다, 제거하다"
중급,傷む,いたむ,"상하다, 손상되다"
중급,貿易,ぼうえき,무역
중급,省略,しょうりゃく,생략
중급,拒否,きょひ,거부
중급,含める,ふくめる,포함시키다
중급,囲む,かこむ,"둘러싸다, 에워싸다"
중급,油断,ゆだん,방심
중급,損害,そんがい,손해
중급,行事,ぎょうじ,행사
중급,現象,げんしょう,현상
중급,詳しい,くわしい,"자세하다, 상세하다"
중급,憎い,にくい,밉다
중급,貴重な,きちょうな,귀중한
중급,競う,きそう,"겨루다, 경쟁하다"
중급,怪しい,あやしい,수상하다
중급,批評,ひひょう,비평
중급,容姿,ようし,"용모, 외모"
중급,納める,おさめる,"납입하다, 납부하다"
중급,伴う,ともなう,"따르다, 동반하다"
중급,劣る,おとる,"뒤떨어지다, 열등하다"
중급,願望,がんぼう,"소망, 바람"
중급,幼い,おさない,어리다
중급,握る,にぎる,쥐다
중급,密閉,みっぺい,밀폐
중급,絞る,しぼる,"짜다, 범위를 좁히다"
중급,垂直,すいちょく,수직
중급,乱れる,みだれる,"흐트러지다, 어지러워지다"
중급,柔軟な,じゅうなんな,유연한
중급,強火,つよび,센 불
중급,抱える,かかえる,"안다, 껴안다"
중급,求人,きゅうじん,구인
중급,怖い,こわい,무섭다
중급,冷蔵庫,れいぞうこ,냉장고
중급,総額,そうがく,총액
중급,湿る,しめる,"습기 차다, 축축하다"
중급,抽選,ちゅうせん,추첨
중급,離れる,はなれる,"떨어지다, 거리가 멀어지다"
중급,企画,きかく,기획
중급,再度,さいど,"두 번, 재차"
중급,和やかな,なごやかな,"부드럽다, 온화하다"
중급,処理,しょり,처리
중급,憎む,にくむ,미워하다
중급,偶然,ぐうぜん,우연히
중급,刺激,しげき,자극
중급,恥,はじ,"부끄러움, 창피"
중급,圧倒的,あっとうてき,압도적
중급,等しい,ひとしい,"같다, 다름없다"
중급,軽傷,けいしょう,"경상, 가벼운 부상"
중급,負担,ふたん,부담
중급,映る,うつる,"비치다, 영상으로 나타나다"
중급,下旬,げじゅん,하순
중급,倒す,たおす,쓰러뜨리다
중급,険しい,けわしい,험하다
중급,比較的,ひかくてき,비교적
중급,下降,かこう,하강
중급,著しい,いちじるしい,"현저하다, 두드러지다"
중급,声援,せいえん,성원
중급,傾く,かたむく,기울다
중급,情景,じょうけい,정경
중급,乏しい,とぼしい,부족하다
중급,介護,かいご,"개호, 간병"
중급,焦る,あせる,"초조해하다, 안달하다"
중급,賛否,さんび,"찬부, 찬반"
중급,記憶,きおく,기억
중급,偉い,えらい,훌륭하다
중급,途端に,とたんに,갑자기
중급,務める,つとめる,"(임무를) 맡다, 노력하다"
중급,素材,そざい,소재
중급,警備,けいび,경비
중급,外れる,はずれる,"빠지다, 빗나가다"
중급,世間,せけん,"세간, 세상"
중급,勇ましい,いさましい,"용감하다, 활발하다"
중급,運賃,うんちん,운임
중급,握手,あくしゅ,악수
중급,腕,うで,팔
중급,善良な,ぜんりょうな,선량한
중급,平等,びょうどう,평등
중급,詳細,しょうさい,상세
중급,分析,ぶんせき,분석
중급,絡まる,からまる,얽히다
중급,農薬,のうやく,농약
중급,鮮やかな,あざやかな,선명한
중급,優秀な,ゆうしゅうな,우수한
중급,迷う,まよう,"헤매다, 망설이다"
중급,背骨,せぼね,"등뼈, 척추"
중급,実践,じっせん,실천
중급,衣装,いしょう,의상
중급,礼儀,れいぎ,예의
중급,開催,かいさい,개최
중급,出世,しゅっせ,출세
중급,頼り,たより,"연고, 의지가 되는 것"
중급,伝統,でんとう,전통
중급,乱れる,みだれる,흐트러지다
중급,焦る,あせる,"안달하다, 초조해하다"
중급,暮らす,くらす,살다
중급,象徴,しょうちょう,상징
중급,与える,あたえる,주다
중급,激しい,はげしい,심하다
중급,管理,かんり,관리
중급,登録,とうろく,등록
중급,福祉,ふくし,복지
중급,誘う,さそう,"권유하다, 유도하다"
중급,討論,とうろん,토론
중급,変更,へんこう,변경
중급,属する,ぞくする,속하다
중급,導く,みちびく,"이끌다, 지도하다"
중급,訪れる,おとずれる,방문하다
중급,扱う,あつかう,"다루다, 취급하다"
중급,収穫,しゅうかく,수확
중급,積極的な,せっきょくてきな,적극적인
중급,勢い,いきおい,기세
중급,抵抗,ていこう,저항
중급,組織,そしき,조직
중급,肩,かた,어깨
중급,至るところ,いたるところ,"도처, 모든 장소"
중급,削る,けずる,"깎다, 삭감하다"
중급,真剣な,しんけんな,진지한
중급,講義,こうぎ,강의
중급,努める,つとめる,노력하다
중급,寄付,きふ,기부
중급,果たす,はたす,완수하다
중급,即座に,そくざに,"즉석에서, 그 자리에서"
중급,招待,しょうたい,초대
중급,責める,せめる,"책망하다, 나무라다"
중급,湿っぽい,しめっぽい,"눅눅하다, 습기 차다"
중급,接続,せつぞく,접속
중급,援助,えんじょ,원조
중급,逆らう,さからう,"거스르다, 거역하다"
중급,破れる,やぶれる,"찢어지다, 파손되다"
중급,批判,ひはん,비판
중급,面倒な,めんどうな,"귀찮은, 성가신"
중급,劣る,おとる,"열등하다, 뒤떨어지다"
중급,拾う,ひろう,줍다
중급,距離,きょり,거리
중급,混乱,こんらん,혼란
중급,驚く,おどろく,놀라다
중급,順調な,じゅんちょうな,순조로운
중급,講師,こうし,강사
중급,争う,あらそう,다투다
중급,腹,はら,배(신체의 일부)
중급,指摘,してき,지적
중급,恵まれる,めぐまれる,"혜택 받다, 풍부하다"
중급,簡潔な,かんけつな,간결한
중급,招く,まねく,"부르다, 초대하다"
중급,参照,さんしょう,참조
중급,保証,ほしょう,보증
중급,焦げる,こげる,"눋다, 타다"
중급,催し,もよおし,"행사, 모임"
중급,症状,しょうじょう,증상
중급,硬貨,こうか,"동전, 주화"
중급,快く,こころよく,흔쾌히
중급,製造,せいぞう,제조
중급,凍る,こおる,얼다
중급,救う,すくう,구조하다
중급,好調な,こうちょうな,"호조인, 순조로운"
중급,永久,えいきゅう,영구(영원)
중급,在籍,ざいせき,재적
중급,従う,したがう,"따르다, 복종하다"
중급,領収書,りょうしゅうしょ,영수증
중급,荒い,あらい,거칠다
중급,豊かな,ゆたかな,"풍부한, 부유한"
중급,養う,やしなう,"기르다, 부양하다"
중급,省く,はぶく,생략하다
중급,迎える,むかえる,맞이하다
중급,系統,けいとう,계통
중급,束ねる,たばねる,묶다
중급,精算,せいさん,정산
중급,趣味,しゅみ,취미
중급,濃い,こい,"짙다, 진하다"
중급,混じる,まじる,섞이다
중급,損,そん,손해
중급,演技,えんぎ,연기
중급,違反,いはん,위반
중급,陽気な,ようきな,"밝고 쾌활한, 명랑한"
중급,見逃す,みのがす,놓치다
중급,拡張,かくちょう,확장
중급,帰省,きせい,귀성
중급,縮める,ちぢめる,줄이다
중급,異色,いしょく,이색
중급,返品,へいぴん,반품
중급,乱暴,らんぼう,난폭
중급,弱点,じゃくてん,약점
중급,任せる,まかせる,맡기다
중급,順調,じゅんちょう,순조로움
중급,積もる,つもる,쌓이다
중급,登る,のぼる,오르다
중급,住居,じゅうきょ,주거
중급,典型的な,てんけいてきな,전형적인
중급,欲,よく,욕심
중급,俳優,はいゆう,배우
중급,診断,しんだん,진단
중급,布,ぬの,천 (직물)
중급,捨てる,すてる,버리다
중급,機嫌,きげん,기분
중급,損失,そんしつ,손실
중급,研修,けんしゅう,연수
중급,耐える,たえる,견디다
중급,投票,とうひょう,투표
중급,抱える,かかえる,"감싸 쥐다, 안다"
중급,志望,しぼう,지망
중급,短編,たんぺん,단편
중급,散る,ちる,"떨어지다, 흩어지다"
중급,柔らかい,やわらかい,부드럽다
중급,疲労,ひろう,피로
중급,避難,ひなん,피난
중급,敬う,うやまう,존경하다
중급,受講,じゅこう,수강
중급,厚かましい,あつかましい,뻔뻔하다
중급,諸問題,しょもんだい,여러 문제
중급,２対１,にたいいち,2 대 1
중급,商店街,しょうてんがい,"상점가, 상가"
중급,再放送,さいほうそう,재방송
중급,高収入,こうしゅうにゅう,고수입
중급,予約制,よやくせい,예약제
중급,副社長,ふくしゃちょう,부사장
중급,就職率,しゅうしょくりつ,취직률
중급,集中力,しゅうちゅうりょく,집중력
중급,旧制度,きゅうせいど,구제도
중급,医学界,いがくかい,의학계
중급,文学賞,ぶんがくしょう,문학상
중급,準優勝,じゅんゆうしょう,준우승
중급,悪条件,あくじょうけん,악조건
중급,現段階,げんだんかい,현 단계
중급,クリーム状,クリームじょう,크림 상태
중급,非公式,ひこうしき,비공식
중급,一日おき,いちにちおき,하루 걸러
중급,総売上,そううりあげ,총매출
중급,来シーズン,らいシーズン,다음 시즌
중급,ビジネスマン風,ビジネスマンふう,비즈니스맨풍
중급,真夜中,まよなか,한밤중
중급,仮採用,かりさいよう,임시 채용
중급,投票率,とうひょうりつ,투표율
중급,国際色,こくさいしょく,국제색
중급,アルファベット順,アルファベットじゅん,알파벳순
중급,諸外国,しょがいこく,"제 외국, 외국 여러 나라"
중급,半透明,はんとうめい,반투명
중급,低価格,ていかかく,저가격
중급,日本流,にほんりゅう,"일본류, 일본식"
중급,準決勝,じゅんけっしょう,준결승
중급,再提出,さいていしゅつ,"재제출, 다시 제출함"
중급,親子連れ,おやこづれ,부모 자식 동반
중급,東京駅発,とうきょうえきはつ,도쿄 역 출발
중급,薄暗い,うすぐらい,"어둑어둑하다, 침침하다"
중급,音楽全般,おんがくぜんぱん,음악 전반
중급,風邪気味,かぜぎみ,감기 기운
중급,最有力,さいゆうりょく,"최유력, 가장 유력"
중급,食器類,しょっきるい,식기류
중급,夏休み明け,なつやすみあけ,여름 방학 끝 무렵
중급,作品集,さくひんしゅう,작품집
중급,危険性,きけんせい,위험성
중급,線路沿い,せんろぞい,선로가
중급,未経験,みけいけん,미경험
중급,期限切れ,きげんぎれ,기한 종료
중급,電車賃,でんしゃちん,전철 요금
중급,高性能,こうせいのう,고성능
중급,祭りムード一色,まつりムードいっしょく,축제 분위기 일색
중급,応援団,おうえんだん,응원단
중급,無責任,むせきにん,무책임
중급,悪影響,あくえいきょう,악영향
중급,子供連れ,こどもづれ,자녀 동반
중급,成功率,せいこうりつ,성공률
중급,招待状,しょうたいじょう,초대장
중급,現実離れ,げんじつばなれ,현실을 벗어남
중급,真新しい,まあたらしい,완전히 새롭다
중급,ヨーロッパ風,ヨーロッパふう,유럽풍
중급,異文化,いぶんか,이문화
중급,結婚観,けっこんかん,결혼관
중급,年代順,ねんだいじゅん,연대순
중급,高水準,こうすいじゅん,고수준
중급,管理下,かんりか,관리하
중급,日本式,にほんしき,일본식
중급,再開発,さいかいはつ,재개발
중급,未使用,みしよう,미사용
중급,主成分,しゅせいぶん,주성분
중급,勉強づけ,べんきょうづけ,공부 몰입
중급,初年度,しょねんど,초년도
중급,前社長,ぜんしゃちょう,전 사장
중급,会員制,かいいんせい,회원제
중급,家族連れ,かぞくづれ,가족 동반
중급,真後ろ,まうしろ,바로 뒤
중급,住宅街,じゅうたくがい,주택가
중급,不正確,ふせいかく,부정확
중급,低カロリー,ていカロリー,저칼로리
중급,会社員風,かいしゃいんふう,회사원풍
중급,スキー場,スキーじょう,스키장
중급,来学期,らいがっき,다음 학기
중급,進学率,しんがくりつ,진학률
중급,副大臣,ふくだいじん,부대신(차관)
중급,学年別,がくねんべつ,학년별
중급,無計画,むけいかく,무계획
중급,送信元,そうしんもと,송신원
중급,働き手,はたらきて,일 손
중급,メリカ流,メリカりゅう,"아메리카류, 미국식"
중급,別れ際,わかれぎわ,헤어질 때
중급,前町長,ぜんちょうちょう,전 읍장
중급,頼みづらい,たのみづらい,부탁하기 어렵다
중급,政治色,せいじしょく,정치색
중급,再提出,さいていしゅつ,재제출
중급,都会育ち,とかいそだち,도시에서 자람
중급,一仕事,ひとしごと,한 가지 일
중급,ボール状,ボールじょう,"볼형, 동그란 모양"
중급,別会場,べつかいじょう,다른 회장
중급,現社長,げんしゃちょう,현재 사장
중급,同意見,どういけん,같은 의견
중급,食べ頃,たべごろ,"먹기에 적당한 때, 제철"
중급,仮登録,かりとうろく,"가등록, 임시 등록"
중급,異分野,いぶんや,다른 분야
중급,写真付き,しゃしんつき,사진 첨부
중급,現制度,げんせいど,현재 제도
중급,用心深い,ようじんぶかい,조심성이 많다
중급,貴財団,きざいだん,귀재단
중급,無回答,むかいとう,"무회답, 무응답"
중급,日本風,にほんふう,일본풍
중급,壁際,かべぎわ,"벽가, 벽 옆"
중급,対抗心,たいこうしん,대항심
중급,諸手続き,しょてつづき,여러 수속
중급,二人連れ,ふたりづれ,두사람 일행
중급,主原料,しゅげんりょう,주원료
중급,読書離れ,どくしょばなれ,독서 기피
중급,決定権,けっていけん,결정권
중급,名選手,めいせんしゅ,명선수
중급,最接近,さいせっきん,최접근
중급,私宛て,わたしあて,내 앞
중급,のんびり,のんびり,한가로이
중급,徐々に,じょじょに,서서히
중급,マイペース,マイペース,마이 페이스
중급,上昇,じょうしょう,상승
중급,評判,ひょうばん,평판
중급,シーズン,シーズン,시즌
중급,尽きる,つきる,"다하다, 소진되다"
중급,温厚な,おんこうな,"온후한, 다정다감한"
중급,発揮,はっき,발휘
중급,相次ぐ,あいつぐ,"잇따르다, 이어지다"
중급,あいまいな,あいまいな,애매한
중급,通じる,つうじる,통하다
중급,有効,ゆうこう,유효
중급,含む,ふくむ,포함하다
중급,解消,かいしょう,해소
중급,ぶらぶら,ぶらぶら,어슬렁어슬렁
중급,改善,かいぜん,개선
중급,活気,かっき,활기
중급,迫る,せまる,"다가오다, 임박하다"
중급,詰まる,つまる,"가득 차다, 막히다"
중급,割と,わりと,비교적
중급,反映,はんえい,반영
중급,視野,しや,시야
중급,ぼんやり,ぼんやり,"희미하게, 멍하게"
중급,さっぱり,さっぱり,전혀
중급,強み,つよみ,강점
중급,機能,きのう,기능
중급,散らかる,ちらかる,"흩어지다, 어질러지다"
중급,偏る/片寄る,かたよる,"치우치다, 편중되다"
중급,辞退,じたい,사퇴
중급,着々と,ちゃくちゃくと,"착착, 순조롭게"
중급,得る,える,얻다
중급,いらいらする,いらいらする,초조해하다
중급,ぐち,ぐち,"푸념, 넋두리"
중급,改正,かいせい,개정
중급,場面,ばめん,장면
중급,夢中,むちゅう,열중
중급,成長,せいちょう,성장
중급,ごろごろ,ごろごろ,"데굴데굴, 뒹굴뒹굴"
중급,適度な,てきどな,"적당한, 알맞은"
중급,呼び止める,よびとめる,불러 세우다
중급,中継,ちゅうけい,중계
중급,解散,かいさん,해산
중급,ぜいたくな,ぜいたくな,사치스러운
중급,スムーズに,スムーズに,부드럽게
중급,見当がつく,けんとうがつく,짐작이 가다
중급,つらい,つらい,"괴롭다, 힘들다"
중급,すっきり,すっきり,"산뜻하게, 후련하게"
중급,意欲,いよく,의욕
중급,比例,ひれい,비례
중급,専念,せんねん,전념
중급,つまずく,つまずく,"걸려 넘어지다, 좌절하다"
중급,格好,かっこう,"모습, 모양"
중급,あいにく,あいにく,공교롭게도
중급,腹を立てる,はらをたてる,화를 내다
중급,思いきって,おもいきって,과감하게
중급,導入,どうにゅう,도입
중급,訂正,ていせい,정정
중급,やかましい,やかましい,시끄럽다
중급,目指す,めざす,"지향하다, 목표로 하다"
중급,パンク,パンク,펑크
중급,一気に,いっきに,"단숨에, 단번에"
중급,あらかじめ,あらかじめ,미리
중급,蓄える,たくわえる,"저축하다, 비축하다"
중급,体格,たいかく,체격
중급,リラックスする,リラックスする,긴장을 풀다
중급,差し支える,さしつかえる,지장이 있다
중급,うとうと,うとうと,꾸벅꾸벅(조는 모양)
중급,特色,とくしょく,특색
중급,予測,よそく,예측
중급,びっしょり,びっしょり,흠뻑(완전히 젖은 모양)
중급,濁る,にごる,"흐려지다, 탁해지다"
중급,輝かしい,かがやかしい,"빛나다, 눈부시다"
중급,完了,かんりょう,완료
중급,面する,めんする,"면하다, 마주 대하다"
중급,バランス,バランス,"밸런스, 균형"
중급,鋭い,するどい,"날카롭다, 예리하다"
중급,たっぷり,たっぷり,듬뿍
중급,デザイン,デザイン,디자인
중급,相違,そうい,"다름, 틀림"
중급,安易な,あんいな,안이한
중급,提供,ていきょう,제공
중급,ぐったり,ぐったり,매우 지친 모습
중급,ショック,ショック,"쇼크, 충격"
중급,普及,ふきゅう,보급
중급,じゃま,じゃま,방해
중급,引き止める,ひきとめる,"만류하다, 제지하다"
중급,なだらかな,なだらかな,완만한
중급,リーダー,リーダー,"리더, 지도자"
중급,活発な,かっぱつな,활발한
중급,頼もしい,たのもしい,믿음직하다
중급,割り込む,わりこむ,끼어들다
중급,おだやかな,おだやかな,온화한
중급,確保,かくほ,확보
중급,アピール,アピール,"어필, 호소"
중급,悔やむ,くやむ,"분하게 여기다, 후회하다"
중급,契機,けいき,계기
중급,ひそひそ,ひそひそ,소근소근
중급,苦情,くじょう,"불평, 클레임"
중급,名所,めいしょ,명소
중급,ぎりぎり,ぎりぎり,아슬아슬
중급,有利な,ゆうりな,유리한
중급,打ち消す,うちけす,부정하다
중급,そそっかしい,そそっかしい,경솔하다
중급,アレンジ,アレンジ,"어레인지, 각색"
중급,独特,どくとく,독특
중급,欠かす,かかす,빠뜨리다
중급,でたらめに,でたらめに,아무렇게나
중급,達する,たっする,"도달하다, 이르다"
중급,スペース,スペース,"스페이스, 공간"
중급,点検,てんけん,점검
중급,にっこり,にっこり,"생긋, 방긋"
중급,続出,ぞくしゅつ,속출
중급,飛び散る,とびちる,사방에 흩날리다
중급,敏感,びんかん,민감
중급,プレッシャー,プレッシャー,"프레셔, 압력"
중급,不安定,ふあんてい,불안정
중급,おとろえる,おとろえる,쇠퇴하다
중급,分担,ぶんたん,분담
중급,ふさわしい,ふさわしい,어울리다
중급,本物,ほんもの,"진짜, 실물"
중급,あこがれ,あこがれ,"동경, 그리움"
중급,転勤,てんきん,전근
중급,栽培,さいばい,재배
중급,評価,ひょうか,평가
중급,尊重,そんちょう,존중
중급,ターゲット,ターゲット,"타겟, 핵심 고객층"
중급,気配,けはい,"기미, 분위기"
중급,いいかげんな,いいかげんな,무책임한
중급,タイミング,タイミング,"타이밍, 적절한 순간"
중급,気軽に,きがるに,부담 없이
중급,添付,てんぷ,첨부
중급,じろじろ,じろじろ,"빤히, 뚫어지게"
중급,限界,げんかい,한계
중급,固める,かためる,굳히다
중급,解約,かいやく,해약
중급,ニーズ,ニーズ,"니즈, 요구"
중급,開設,かいせつ,개설
중급,格好,かっこう,"모습, 볼품"
중급,雇う,やとう,고용하다
중급,思いきる,おもいきる,결심하다
중급,交渉,こうしょう,교섭
중급,クリア,クリア,"클리어, 해결"
중급,劇的に,げきてきに,극적으로
중급,締め切る,しめきる,마감하다
중급,ぞろぞろ,ぞろぞろ,졸졸
중급,設備,せつび,설비
중급,進出,しんしゅつ,진출
중급,まれな,まれな,"드문, 희귀한"
중급,ぎっしり,ぎっしり,가득
중급,いだく,いだく,품다
중급,誤解,ごかい,오해
중급,節約,せつやく,절약
중급,飛びつく,とびつく,달려들다
중급,こそこそ,こそこそ,"살금살금, 소곤소곤"
중급,話題,わだい,화제
중급,後悔,こうかい,후회
중급,リハーサル,リハーサル,"리허설, 예행 연습"
중급,特定,とくてい,특정
중급,かさかさ,かさかさ,"바삭바삭, 꺼칠꺼칠"
중급,まねる,まねる,"흉내내다, 모방하다"
중급,盛り上がる,もりあがる,고조되다
중급,もてなす,もてなす,대접하다
중급,通過,つうか,통과
중급,インパクト,インパクト,"임팩트, 충격"
중급,報道,ほうどう,보도
중급,多大な,ただいな,매우 큰
중급,溶け込む,とけこむ,녹아들다
중급,衰える,おとろえる,쇠퇴하다
중급,思い込む,おもいこむ,"마음먹다, 믿다"
중급,口調,くちょう,"어조, 말투"
중급,役目,やくめ,임무
중급,ずうずうしい,ずうずうしい,뻔뻔스럽다
중급,とりあえず,とりあえず,"우선, 일단"
중급,一応,いちおう,"우선, 일단"
중급,譲る,ゆずる,양도하다
중급,売る,うる,팔다
중급,雑談,ざつだん,잡담
중급,おしゃべり,おしゃべり,"잡담, 수다"
중급,賢い,かしこい,똑똑하다
중급,頭がいい,あたまがいい,머리가 좋다
중급,大げさ,おおげさ,과장
중급,オーバー,オーバー,오버
중급,勝手な,かってな,제멋대로인
중급,わがままな,わがままな,제멋대로인
중급,たびたび,たびたび,종종
중급,何度も,なんども,몇 번이고
중급,とても大きい,とてもおおきい,매우 크다
중급,見解,けんかい,견해
중급,考え方,かんがえかた,"생각, 사고방식"
중급,レンタルする,レンタルする,대여하다
중급,借りる,かりる,빌리다
중급,ブーム,ブーム,붐
중급,流行,りゅうこう,유행
중급,慎重に,しんちょうに,신중하게
중급,注意して,ちゅういして,주의하여
중급,縮む,ちぢむ,"줄어들다, 축소되다"
중급,小さくなる,ちいさくなる,작아지다
중급,ほぼ,ほぼ,거의
중급,だいたい,だいたい,대체로
중급,回復する,かいふくする,회복하다
중급,よくなる,よくなる,좋아지다
중급,疲れる,つかれる,"지치다, 피곤하다"
중급,わずかな,わずかな,얼마 안 되는
중급,少し,すこし,조금
중급,うつむく,うつむく,고개를 숙이다
중급,下を向く,したをむく,아래를 보다
중급,いきなり,いきなり,갑자기
중급,突然,とつぜん,갑자기
중급,直ちに,ただちに,즉시
중급,すぐに,すぐに,바로
중급,奇妙な,きみょうな,기묘한
중급,変な,へんな,이상한
중급,仕上げる,しあげる,"마무리하다, 완성하다"
중급,完成させる,かんせいさせる,완성시키다
중급,日中,にっちゅう,"대낮, 한낮"
중급,昼間,ひるま,"대낮, 한낮"
중급,湿る,しめる,습기 차다
중급,乾かない,かわかない,마르지 않다
중급,追加する,ついかする,추가하다
중급,足す,たす,더하다
중급,相当,そうとう,상당히
중급,かなり,かなり,"꽤, 상당히"
중급,じっとする,じっとする,가만히 있다
중급,動かない,うごかない,움직이지 않는다
중급,誤る,あやまる,"틀리다, 실수하다"
중급,正しくない,ただしくない,"옳지 않다, 맞지 않다"
중급,かさかさする,かさかさする,"거칠거칠하다,마르다"
중급,乾燥する,かんそうする,건조하다
중급,済ます,すます,"마치다, 끝내다"
중급,終える,おえる,"마치다, 끝내다"
중급,はっきりしない,はっきりしない,확실하지 않은
중급,思いがけない,おもいがけない,뜻밖이다
중급,意外だ,いがいだ,의외다
중급,自ら,みずから,스스로
중급,自分で,じぶんで,"스스로, 자신이"
중급,そろう,そろう,"갖추어지다, 모이다"
중급,集まる,あつまる,모이다
중급,およそ,およそ,대략
중급,計画,けいかく,계획
중급,プラン,プラン,플랜
중급,相変わらず,あいかわらず,여전히
중급,依然として,いぜんとして,여전히
중급,必死な,ひっしな,"필사적인, 열심인"
중급,一生懸命な,いっしょうけんめいな,열심인
중급,山の麓,やまのふもと,산기슭
중급,山の下のほう,やまのしたのほう,산 아래쪽
중급,買い占める,かいしめる,"매점하다, 사 모으다"
중급,全部買う,ぜんぶかう,모두 사다
중급,間際,まぎわ,직전
중급,直前,ちょくぜん,직전
중급,たちまち,たちまち,"금세, 순식간에"
중급,勘定する,かんじょうする,지불하다
중급,お金を払う,おかねをはらう,돈을 지불하다
중급,異なる,ことなる,다르다
중급,違う,ちがう,다르다
중급,たまたま,たまたま,우연히
중급,明らかな,あきらかな,분명한
중급,はっきりした,はっきりした,"분명한, 확실한"
중급,用心,ようじん,조심
중급,注意,ちゅうい,주의
중급,騒々しい,そうぞうしい,"시끄럽다, 소란스럽다"
중급,うるさい,うるさい,시끄럽다
중급,所有する,しょゆうする,소유하다
중급,持つ,もつ,"들다, 소유하다"
중급,おそらく,おそらく,아마
중급,多分,たぶん,아마
중급,収納する,しゅうのうする,수납하다
중급,しまう,しまう,"치우다, 간수하다"
중급,小柄だ,こがらだ,몸집이 작다
중급,体が小さい,からだがちいさい,몸집이 작다
중급,無口だ,むくちだ,과묵하다
중급,やや,やや,"다소, 조금"
중급,テンポ,テンポ,"템포, 속도"
중급,速さ,はやさ,속도
중급,妙な,みょうな,묘한
중급,ささやく,ささやく,속삭이다
중급,小声で話す,こごえではなす,작은 목소리로 말하다
중급,かつて,かつて,"일찍이, 예전부터"
중급,以前,いぜん,"이전, 예전"
중급,たびたび,たびたび,자주
중급,何度も,なんども,몇 번이나
중급,注目する,ちゅうもくする,주목하다
중급,関心を持つ,かんしんをもつ,관심을 갖다
중급,じかに,じかに,직접
중급,直接,ちょくせつ,직접
중급,衝突する,しょうとつする,충돌하다
중급,ぶつかる,ぶつかる,충돌하다
중급,卑怯な,ひきょうな,비겁한
중급,ずるい,ずるい,"교활하다, 약다"
중급,愉快だ,ゆかいだ,유쾌하다
중급,面白い,おもしろい,재미있다
중급,しかたない,しかたない,어쩔 수 없다
중급,息抜きする,いきぬきする,"한숨 돌리다, 쉬다"
중급,休む,やすむ,쉬다
중급,ついている,ついている,운이 좋다
중급,運がいい,うんがいい,운이 좋다
중급,つねに,つねに,항상
중급,いつも,いつも,항상
중급,過剰だ,かじょうだ,과잉이다
중급,多すぎる,おおすぎる,너무 많다
중급,あやまり,あやまり,실수
중급,臆病だ,おくびょうだ,겁이 많다
중급,とっくに,とっくに,진작에
중급,ずっと前に,ずっとまえに,훨씬 전에
중급,ゆずる,ゆずる,양보하다
중급,あげる,あげる,주다
중급,記憶する,きおくする,기억하다
중급,覚える,おぼえる,외우다
중급,不平,ふへい,불평
중급,文句,もんく,"불평, 불만"
중급,むかつく,むかつく,"화가 나다, 역겹다"
중급,怒る,おこる,화가 나다
중급,まれな,まれな,드문
중급,ほとんどない,ほとんどない,거의 없는
중급,当てる,あてる,"맞히다, 부딪다"
중급,ぶつける,ぶつける,부딪다
중급,あわれな,あわれな,불쌍한
중급,かわいそうな,かわいそうな,불쌍한
중급,当分,とうぶん,"당분간, 잠시"
중급,しばらく,しばらく,"당분간, 잠시"
중급,一転する,いってんする,완전히 바뀌다
중급,じたばたする,じたばたする,허둥거리다
중급,慌てる,あわてる,"당황해하다, 허둥대다"
중급,テクニック,テクニック,"테크닉, 기술"
중급,技術,きじゅつ,기술
중급,利口な,りこうな,영리한
중급,用心する,ようじんする,조심하다
중급,気をつける,きをつける,조심하다
중급,くどい,くどい,"장황하다, 집요하다"
중급,しつこい,しつこい,"집요하다, 끈질기다"
중급,物騒になる,ぶっそうになる,위험해지다
중급,落ち込む,おちこむ,"낙담하다, 악화되다"
중급,がっかりする,がっかりする,"실망하다, 낙담하다"
중급,精いっぱい,せいいっぱい,힘껏
중급,一生懸命,いっしょうけんめい,열심히
중급,同情する,どうじょうする,동정하다
중급,定める,さだめる,"정하다, 결정하다"
중급,決める,きめる,"정하다, 결정하다"
중급,ハードな,ハードな,"엄격한, 고된"
중급,大変な,たいへんな,힘든
중급,動揺する,どうようする,동요하다
중급,不安になる,ふあんになる,불안해지다
중급,引き返す,ひきかえす,"되돌아가다, 되돌아오다"
중급,戻る,もどる,"되돌아가다, 되돌아오다"
중급,一層,いっそう,"한층 더, 더욱더"
중급,もっと,もっと,"더, 더욱"
중급,かかりつけ,かかりつけ,단골
중급,いつも行く,いつもいく,늘 가다
중급,ガイド,ガイド,"가이드, 안내"
중급,案内,あんない,안내
중급,真剣に,しんけんに,진지하게
중급,まじめに,まじめに,"진지하게, 성실하게"
중급,あまりいない,あまりいない,별로 없다
중급,終日,しゅうじつ,종일
중급,一日中,いちにちじゅう,하루 종일
중급,いじる,いじる,만지다
중급,触る,さわる,만지다
중급,失望する,しつぼうする,실망하다
중급,とりかかる,とりかかる,착수하다
중급,仕事を始める,しごとをはじめる,일을 시작하다
중급,人柄,ひとがら,인품
중급,性格,せいかく,성격
중급,案の定,あんのじょう,아니나 다를까
중급,やっぱり,やっぱり,역시
중급,くるむ,くるむ,감싸다
중급,包む,つつむ,싸다
중급,最寄り,もより,가장 가까움
중급,一番近い,いちばんちかい,가장 가깝다
중급,レンタル,レンタル,"렌탈, 대여"
중급,指図,さしず,지시
중급,命令,めいれい,명령
중급,欠かせない,かかせない,빠뜨릴 수 없다
중급,ないと困る,ないとこまる,없으면 곤란하다
중급,依然,いぜん,여전히
중급,まだ,まだ,아직
중급,再三,さいさん,여러 번
중급,でたらめ,でたらめ,엉터리
중급,うそ,うそ,거짓말
중급,勘定,かんじょう,"지불, 계산"
중급,会計,かいけい,"회계, 계산"
중급,さわがしい,さわがしい,시끄럽다
중급,書籍,しょせき,서적
중급,本,ほん,책
중급,すっかり変わる,すっかりかわる,완전히 바뀌다
중급,とがる,とがる,뾰족해지다
중급,細くなる,ほそくなる,가늘어지다
중급,くだらない,くだらない,시시하다
중급,価値がない,かちがない,가치가 없다
중급,惜しい,おしい,아깝다
중급,もったいない,もったいない,아깝다
중급,概要,がいよう,개요
중급,大体の内容,だいたいのないよう,대체적인 내용
중급,油断している,ゆだんしている,방심하고 있다
중급,各自,かくじ,각자
중급,一人一人,ひとりひとり,한사람 한사람
중급,仕上げる,しあげる,"마무리하다, 완성시키다"
중급,深刻な,しんこくな,심각한
중급,重大な,じゅうだいな,중대한
중급,同僚,どうりょう,동료
중급,同じ会社の人,おなじかいしゃのひと,같은 회사 사람
중급,おおよそ,おおよそ,대략
중급,大体,だいたい,대충
중급,マナー,マナー,"매너, 예의"
중급,行儀,ぎょうぎ,"예의, 예절"
중급,いばる,いばる,뽐내다
중급,偉そうな,えらそうな,잘난 체하는
중급,収納,しゅうのう,수납
중급,しまう,しまう,(물건 등을)넣다
중급,文句,もんく,불평
중급,修正する,しゅうせいする,수정하다
중급,直す,なおす,고치다
중급,次第に,しだいに,"점차, 점점"
중급,はげる,はげる,벗겨지다
중급,取れる,とれる,떨어지다
중급,しぐさ,しぐさ,행위
중급,動作,どうさ,동작
중급,取材,しゅざい,취재
중급,外す,はずす,"떼어 내다, 밖으로 빼내다"
중급,きっかけ,きっかけ,계기
중급,注目,ちゅうもく,주목
중급,外見,がいけん,"외관, 겉보기"
중급,保つ,たもつ,"유지하다, 보존하다"
중급,方針,ほうしん,방침
중급,範囲,はんい,범위
중급,せめて,せめて,"적어도, 하다못해"
중급,質素な,しっそな,검소한
중급,利益,りえき,이익
중급,とっくに,とっくに,"진작에, 훨씬 전에"
중급,かなう,かなう,"(꿈, 희망 등이) 이루어지다"
중급,受け入れる,うけいれる,받아들이다
중급,廃止,はいし,폐지
중급,矛盾,むじゅん,모순
중급,心強い,こころづよい,든든하다
중급,問い合わせる,といあわせる,문의하다
중급,さっさと,さっさと,"빨리, 서둘러서"
중급,交代,こうたい,"교대, 교체"
중급,塞ぐ,ふさぐ,"막다, 차단하다"
중급,合同,ごうどう,합동
중급,冷静な,れいせいな,냉정한
중급,掲示,けいじ,게시
중급,補足,ほそく,"보충, 보완"
중급,快い,こころよい,"기분 좋다, 유쾌하다"
중급,慌ただしい,あわただしい,"분주하다, 어수선하다"
중급,分野,ぶんや,분야
중급,かすかな,かすかな,희미한
중급,生き生き,いきいき,생기가 넘치는 모양
중급,催促,さいそく,재촉
중급,隔てる,へだてる,"멀리하다, 사이에 두다"
중급,頑丈な,がんじょうな,튼튼한
중급,会見,かいけん,회견
중급,畳む,たたむ,"접다, 개다"
중급,支持,しじ,지지
중급,合図,あいず,신호
중급,妥当な,だとうな,타당한
중급,こつこつと,こつこつと,꾸준하게
중급,言い訳,いいわけ,변명
중급,手軽な,てがるな,"손쉬운, 간편한"
중급,温暖な,おんだんな,온난한
중급,作成,さくせい,작성
중급,振り向く,ふりむく,돌아보다
중급,いったん,いったん,일단
중급,用途,ようと,용도
중급,思いつく,おもいつく,생각이 떠오르다
중급,甘やかす,あまやかす,응석을 받아 주다
중급,中断,ちゅうだん,중단
중급,行方,ゆくえ,행방
중급,たくましい,たくましい,"씩씩하다, 늠름하다"
중급,発達,はったつ,발달
중급,延長,えんちょう,연장
중급,さびる,さびる,녹슬다
중급,引退,いんたい,은퇴
중급,目上,めうえ,"손윗사람, 연장자"
중급,おおげさ,おおげさ,과장
중급,生じる,しょうじる,생기다
중급,反省,はんせい,반성
중급,頂上,ちょうじょう,정상
중급,分解,ぶんかい,분해
중급,略す,りゃくす,줄이다
중급,覆う,おおう,덮다
중급,破る,やぶる,"찢다, 파기하다"
중급,限定,げんてい,한정
중급,一斉に,いっせいに,일제히
중급,散らかす,ちらかす,"어지르다, 흩뜨리다"
중급,論争,ろんそう,논쟁
중급,演説,えんぜつ,연설
중급,きっぱり,きっぱり,단호히
중급,保存,ほぞん,보존
중급,鈍い,にぶい,둔하다
중급,日課,にっか,일과
중급,多彩,たさい,다채
중급,乗り継ぐ,のりつぐ,다른 탈것으로 갈아타다
중급,初歩,しょほ,초보
중급,だらしない,だらしない,단정하지 못하다
중급,特殊,とくしゅ,특수
중급,しみる,しみる,"번지다, 스며들다"
중급,充満,じゅうまん,충만
중급,めくる,めくる,넘기다
중급,初期,しょき,초기
중급,打ち明ける,うちあける,"털어놓다, 고백하다"
중급,欠陥,けっかん,결함
중급,引用,いんよう,인용
중급,ほっと,ほっと,긴장이 풀려 안심하는 모양
중급,展開,てんかい,전개
중급,妥当,だとう,타당
중급,かばう,かばう,"편들다, 두둔하다"
중급,急激,きゅうげき,급격
중급,漏れる,もれる,새다
중급,傾向,けいこう,경향
중급,温厚,おんこう,"온후, 다정다감함"
중급,世代,せだい,세대
중급,頑固,がんこ,완고
중급,打ち合わせ,うちあわせ,협의
중급,ベテラン,ベテラン,"베테랑, 고수"
중급,荒れる,あれる,"거칠어지다, 황폐해지다"
중급,早期,そうき,조기
중급,偉大,いだい,위대
중급,印,しるし,표시
중급,さまたげる,さまたげる,방해하다
중급,腫れる,はれる,붓다
중급,上達,じょうたつ,"기능이 향상됨, 숙달"
중급,暮れ,くれ,저물 때
중급,残高,ざんだか,잔액
중급,共有,きょうゆう,공유
중급,はきはき,はきはき,확실한 모양
중급,鑑賞,かんしょう,감상
중급,着々,ちゅくちゃく,"착착, 순조롭게"
중급,薄める,うすめる,"희석하다, 묽게 하다"
중급,充実,じゅうじつ,충실
중급,鮮明,せんめい,선명
중급,ふもと,ふもと,(산)기슭
중급,定年,ていねん,정년
