id,day,word,meaning
3156,필수단어,occasion,~의 원인이 되다
3157,필수단어,occupation,직업; 사용
3158,필수단어,regard,~을 ~로 여기다; 관심
3159,필수단어,apparently,보아하니
3160,필수단어,tend,경향이 있다; 돌보다
3161,필수단어,stringent,엄한; 절박한
3162,필수단어,feasible,실현가능한
3163,필수단어,malicious,악의적인
3164,필수단어,file a complaint,항의를 제기하다
3165,필수단어,dispute,분쟁; 반박하다
3166,필수단어,conventional,관습적인
3167,필수단어,meticulous,꼼꼼한
3168,필수단어,keen,열망하는
3169,필수단어,cast,드리우다; 출연자들
3170,필수단어,alert,경계하는
3171,필수단어,excavation,발굴
3172,필수단어,intimate,친밀한
3173,필수단어,considerate,배려하는
3174,필수단어,route,보내다; 길
3175,필수단어,intricate,복잡한
3176,필수단어,obsolete,구식의
3177,필수단어,rubbish,쓰레기
3178,필수단어,dwindle,줄어들다
3179,필수단어,horizon,수평선
3180,필수단어,deteriorate,악화되다
3181,필수단어,outskirt,교외; 한계
3182,필수단어,troubleshooting,고장의 수리
3183,필수단어,chronic,만성적인
3184,필수단어,shortlist,최종 후보자 명단
3185,필수단어,resume,재개하다
3186,필수단어,allegation,주장; 혐의
3187,필수단어,criteria,"표준, 기준"
3188,필수단어,quote,전달하다; 인용하다
3189,필수단어,mortgage,대출(금)
3190,필수단어,improvise,즉흥적으로 하다
3191,필수단어,bistro,작은 식당
3192,필수단어,amicable,우호적인
3193,필수단어,prominent,유명한
3194,필수단어,immaculate,오류가 전혀 없는
3195,필수단어,retreat,후퇴하다
3196,필수단어,sacrifice,희생
3197,필수단어,insurmountable,대처할 수 없는
3198,필수단어,transmit,전송하다
3199,필수단어,abolish,폐지하다
3200,필수단어,fierce,극심한
3201,필수단어,arguably,"주장하건대, 틀림없이"
3202,필수단어,arbitrary,제멋대로인; 독단적인
3203,필수단어,rash,"발진, 성급한"
3204,필수단어,stipend,급여
3205,필수단어,alongside,~을 따라서; ~와 함께
3206,필수단어,manipulate,다루다
3207,필수단어,adjourn,휴회하다
3208,필수단어,apprehensive,걱정되는
3209,필수단어,engagement,"약혼, 업무"
3210,필수단어,pesticide,살충제
3211,필수단어,cathedral,대성당
3212,필수단어,superfluous,불필요한
3213,필수단어,nominee,지명된 사람
3214,필수단어,hustle,재촉하다
3215,필수단어,behalf,지지
3216,필수단어,revoke,취소하다
3217,필수단어,perceive,"감지하다, 인지하다"
3218,필수단어,subsequent,그 다음의
3219,필수단어,leisurely,여유로운
3220,필수단어,delicate,섬세한
3221,필수단어,enlist,"요청하다, 징집하다"
3222,필수단어,articulate,분명히 설명하다
3223,필수단어,populate,살다
3224,필수단어,understaffed,인원이 부족한
3225,필수단어,halt,멈춤
3226,필수단어,rather,꽤
3227,필수단어,marginal,중요하지 않은
3228,필수단어,retain,유지하다
3229,필수단어,impulsive,충동적인
3230,필수단어,impartial,공정한
3231,필수단어,instrumental,중요한
3232,필수단어,edible,식용인
3233,필수단어,in a minute,즉각
3234,필수단어,withstand,견뎌 내다
3235,필수단어,savvy,지식
3236,필수단어,catastrophe,재앙
3237,필수단어,accumulate,축적하다
3238,필수단어,manifest,분명한; 분명해지다
3239,필수단어,serving,1인분
3240,필수단어,elaborate,정교한
3241,필수단어,conceive,상상하다
3242,필수단어,deficit,결손
3243,필수단어,savory,맛 좋은; 향긋한; 즐거운
3244,토익영단어,In case,경우에 대비해서
3245,토익영단어,preceding,"(시간, 장소의) 앞선"
3246,토익영단어,obedient,말을 잘 듣는
3247,토익영단어,indefinite,"무기한의, 분명히 규정되지 않은"
3248,토익영단어,impartial,공정한
3249,토익영단어,inaugurate,"개시하다, 취임시키다"
3250,토익영단어,arbitration,중재
3251,토익영단어,confiscation,몰수
3252,토익영단어,collateral,담보물; 부수적인
3253,토익영단어,concession,양보; 구내매점
3254,토익영단어,remnant,나머지; 유물
3255,토익영단어,reciprocal,서로의
3256,토익영단어,custodial,보관의; 관리인의
3257,토익영단어,delinquent,연체된
3258,토익영단어,contingent,조건으로 하는; 우발적인
3259,토익영단어,discreetly,분별있게
3260,토익영단어,allegedly,주장하는 바에 따르면
3261,토익영단어,configuration,"환경설정, 배열"
3262,토익영단어,eradicate,~을 근절하다
3263,토익영단어,assertion,"주장, (권리의) 행사"
3264,토익영단어,commit,~을 저지르다
3265,토익영단어,prospective,유망한
3266,토익영단어,evacuate,대피하다
3267,토익영단어,conform,준수하다
3268,토익영단어,fraudulent,사기성의
3269,토익영단어,intently,열심히
3270,토익영단어,imperative,필수적인
3271,토익영단어,contradict,~을 반박하다
3272,토익영단어,astounded,몹시 놀란
3273,토익영단어,remark,언급
3274,토익영단어,adverse,부정적인
3275,토익영단어,defer,미루다
3276,토익영단어,provisional,일시적인
3277,토익영단어,controversy,논란
3278,토익영단어,realm,영역
3279,토익영단어,subsequent to,~후에
3280,토익영단어,pledge,맹세
3281,토익영단어,manage to do,~해낼 수 있다
3282,토익영단어,bribe,뇌물
3283,토익영단어,post,"자리, 직책"
3284,토익영단어,crisis,위기
3285,토익영단어,admiringly,감탄하여
3286,토익영단어,delicate,"섬세한, 연약한"
3287,토익영단어,on account of,~때문에
3288,토익영단어,receptacle,용기
3289,토익영단어,In time,이윽고
3290,토익영단어,afford,~할 여유가 있다
3291,토익영단어,upon,하자마자
3292,토익영단어,go off,울리다
3293,토익영단어,one's confidence in,~의 ~에 대한 신뢰
3294,토익영단어,arrange,일을 처리하다; 마련하다
3295,토익영단어,way,"너무, 훨씬"
3296,토익영단어,amount,양; 수준
3297,토익영단어,in the vicinity of,~의 인근에
3298,토익영단어,as to,~에 관해
3299,토익영단어,trivial,사소한
3300,토익영단어,flatter,아첨하다; 지 잘난 줄 착각하다
3301,토익영단어,irritation,"초조, 짜증"
3302,토익영단어,impoverished,가난한
3303,토익영단어,buyout,매수
3304,토익영단어,illegible,읽기 어려운
3305,토익영단어,briefly,잠시 동안
3306,토익영단어,notwithstanding,~에도 불구하고; 그래도
3307,토익영단어,transcribe,(다른 형태로) 옮기다
3308,토익영단어,recession,경기침체
3309,토익영단어,delegation,대표단; 위임
3310,토익영단어,collectively,단체로
3311,토익영단어,oversell,~을 부풀려 말하다
3312,토익영단어,accrued,"발생된, 미불의"
3313,토익영단어,amass,모으다
3314,토익영단어,render,"만들다, 주다"
3315,토익영단어,account,회계사
3316,토익영단어,eloquence,"설득력, 유창한 화술"
3317,토익영단어,be critical of,~에 비판적이다
3318,토익영단어,essentially,근본적으로
3319,토익영단어,enforce,시행하다
3320,토익영단어,presumptive,추정에 의한
3321,토익영단어,barely,가까스로
3322,토익영단어,account for,~에 대한 지출내역을 보고하다; 설명하다; 처리하다
3323,토익영단어,correspondence,서신
3324,토익영단어,compartment,"칸, (옷장) 칸막이"
3325,토익영단어,claim,요구하다
3326,토익영단어,respectfully,공손히
3327,토익영단어,correspondent,특파원
3328,토익영단어,informed,박식한
3329,토익영단어,bargain,협상하다
3330,토익영단어,shortcoming,단점
3331,토익영단어,precipitation,비
3332,토익영단어,attribute A to B,A의 원인이 B라고 생각하다
3333,토익영단어,allocate,할당하다
3334,토익영단어,political,정치적인
3335,토익영단어,out of necessity,필요상
3336,토익영단어,universal,"보편적인, 전세계적인"
3337,토익영단어,imply that,암시하다
3338,토익영단어,proficient,능숙한
3339,토익영단어,amicable,우호적인
3340,토익영단어,ambiguous,애매한
3341,토익영단어,obscure,모호한
3342,토익영단어,apprenhensive,불안한
3343,토익영단어,contemporary,동시대의
3344,토익영단어,strenuous,힘든
3345,토익영단어,prolific,다작하는
3346,토익영단어,owing,갚아야 할
3347,토익영단어,as for,~에 관해 말하면
3348,토익영단어,endorsement,"보증, 홍보"
3349,토익영단어,incidental,부수적인
3350,토익영단어,redundant,불필요한
3351,토익영단어,securities,증권
3352,토익영단어,capable,유능한
3353,토익영단어,stipulation,조건
3354,토익영단어,deteriorate,악화되다
3355,토익영단어,inception,시작
3356,토익영단어,unassuming,"겸손한, 소박한"
3357,토익영단어,ally,지지하다
3358,토익영단어,province,"주, 도"
3359,토익영단어,gutter,배수로
3360,토익영단어,petite,자그마한
3361,토익영단어,attendant,"안내원, 수행원"
3362,토익영단어,discretion,자유 재량(권)
3363,토익영단어,sewer,하수관
3364,토익영단어,entrant,"참가자, 신입생"
3365,토익영단어,validate,인증하다
3366,토익영단어,an array of,다수의
3367,토익영단어,sensible,현명한
3368,토익영단어,wear,마모
3369,토익영단어,water runoff,땅 위 흐르는 빗물
3370,토익영단어,weed,잡초를 뽑다
3371,토익영단어,snag on,~에 걸려 찢어지다
3372,토익영단어,punctual,시간을 지키는
3373,토익영단어,obstetrics,산과
3374,토익영단어,substantially,상당히
3375,토익영단어,plot,계획하다
3376,토익영단어,compassion,온정
3377,토익영단어,acquaintance,지인; 친분; 지식
3378,토익영단어,usher in,~이 시작되게 하다
3379,토익영단어,perish,사라지다; (품질이)떨어지다
3380,토익영단어,complusory,필수적인
3381,토익영단어,find,좋아하는
3382,토익영단어,arrange for,준비하다
3383,토익영단어,cuff,단
3384,토익영단어,concierge,"안내원, 수행원"
3385,토익영단어,finely,"멋있게, 섬세하게"
3386,토익영단어,procure,"구하다, 조달하다"
3387,토익영단어,chin,턱
3388,토익영단어,mid-rise,중층의
3389,토익영단어,plaque,패
3390,토익영단어,hard copy,출력된 자료
3391,토익영단어,follow suit,전례를 따르다
3392,토익영단어,ensure that[assure A that],~을 보장하다
3393,토익영단어,flower bed,화단
3394,토익영단어,testimonial,추천서
3395,토익영단어,long-haul,장거리의
3396,토익영단어,consecutive,연속적인
3397,토익영단어,groundskeeper,구내관리인
3398,토익영단어,intervening,중간의
3399,토익영단어,nurturing,"배려하는, 보살피는"
3400,토익영단어,attest,입증하다
3401,토익영단어,angular,각진
3402,토익영단어,sole,밑창
3403,토익영단어,extension,내선번호; 확대
3404,토익영단어,welder,용접공
3405,토익영단어,serve,도움이 되다
3406,토익영단어,landlord,집주인
3407,토익영단어,footbridge,보행자 전용 다리
3408,토익영단어,coursework,학업
3409,토익영단어,profile,소개하다
3410,토익영단어,approach to wellness,돌보는 방법
3411,토익영단어,impede,지연시키다
3412,토익영단어,amid,중에서
3413,토익영단어,so far,지금까지
3414,토익영단어,ledge,선반
3415,토익영단어,beneficiary,수혜자
3416,토익영단어,comprehensible,이해할 수 있는
3417,토익영단어,booklet,책자
3418,토익영단어,deputy mayor,부시장
3419,토익영단어,encircle,둘러싸다
3420,토익영단어,enclose,둘러싸다
3421,토익영단어,appraisal,평가
3422,토익영단어,shoelaces,구두끈
3423,토익영단어,possessions,소지품
3424,토익영단어,syllabuses,강의  계획서
3425,토익영단어,administration,행정부
3426,토익영단어,pool,모으다
3427,토익영단어,conservatively,보수적으로
3428,토익영단어,brokerage firm,종합  증권회사
3429,토익영단어,date from,~부터  시작되다
3430,토익영단어,loan,대여;  대여하다
3431,토익영단어,close a deal,협상을  매듭짓다
3432,토익영단어,demographic,인구통계
3433,토익영단어,as a matter of fact,사실
3434,토익영단어,cab,택시
3435,토익영단어,shipment,"수송품, 선적"
3436,토익영단어,sales pitch,판매를 위한 설득
3437,토익영단어,layover,"(비행 시의)경유지, 도중하차"
3438,토익영단어,prescribe,처방하다
3439,토익영단어,practical,실용적인
3440,토익영단어,attentive,"경청하는, 주의깊은"
3441,토익영단어,workforce,노동인구
3442,토익영단어,attire,복장
3443,토익영단어,apprentice,수습생
3444,토익영단어,assume,"(책임, 역할을)맡다, 추정하다"
3445,토익영단어,dismiss,해고하다
3446,토익영단어,omit,생략하다
3447,토익영단어,vanish,사라지다; (품질이)떨어지다
3448,토익영단어,administer,"시행하다, 관리하다"
3449,토익영단어,mandate,명령하다; 명령
3450,토익영단어,disguise,숨기다
3451,토익영단어,elicit,이끌어내다
3452,토익영단어,pertain to,~와 관련되다
3453,토익영단어,count on,~에 의지하다
3454,토익영단어,settlement,해결
3455,토익영단어,companion,"동료, 친구"
3456,토익영단어,consent,동의; 동의하다
3457,토익영단어,perception,"인식, 지각"
3458,토익영단어,prerequisite,필수조건; 필수적인
3459,토익영단어,precision,정확(성)
3460,토익영단어,setback,"방해, 차질"
3461,토익영단어,credential,자격(증명서)
3462,토익영단어,subsidiary,자회사; 부수적인
3463,토익영단어,imperfection,결함
3464,토익영단어,oridinance,법령; 명령
3465,토익영단어,corporate,회사의
3466,토익영단어,cluttered,어수선한
3467,토익영단어,inferior,"질 낮은, 열등한"
3468,토익영단어,sequential,순차적인
3469,토익영단어,candid,"솔직한, 자연스러운"
3470,토익영단어,absorbing,흥미진진한
3471,토익영단어,implicit,암묵적인
3472,토익영단어,probable,유망한
3473,토익영단어,exquisite,"우아한, 정교한"
3474,토익영단어,selective,"까다로운, 선택적인"
3475,토익영단어,industrious,근면한
3476,토익영단어,perceptive,통찰력 있는
3477,토익영단어,abruptly,갑자기
3478,토익영단어,reportedly,전하는 바에 따르면
3479,토익영단어,reinstate,"원상태로 하다, 복직시키다"
3480,토익영단어,bypass,우회하다; 우회로
3481,토익영단어,streamline,간소화하다
3482,토익영단어,liability,"책임, 부채, 채무"
3483,토익영단어,consignment,위탁판매
3484,토익영단어,driving force,"추진력, 원동력"
3485,토익영단어,serene,"조용한, 고요한"
3486,토익영단어,encrypted,암호화된
3487,토익영단어,coordinator,"책임자, 진행자"
3488,토익영단어,direct,지휘하다
3489,토익영단어,manuscript,원고
3490,토익영단어,rebate,"환불, 할인"
3491,토익영단어,preliminary,예비의
3492,토익영단어,proprietor,소유자
3493,토익영단어,municipal,시립의
3494,토익영단어,demanding,"까다로운, 선택적인"
3495,토익영단어,inviting,매력적인
3496,토익영단어,pending,미정인
3497,토익영단어,startling,놀라운
3498,토익영단어,gratifiying,만족스러운
3499,토익영단어,discrepancy,불일치
3500,토익영단어,informed,합리적인
3501,토익영단어,conductor,"지휘자; 차장, 승무원"
3502,토익영단어,beneath,~의 밑에
3503,토익영단어,volume,책
3504,토익영단어,rock,흔들리다
3505,토익영단어,ditch,배수로
3506,토익영단어,by far,단연코
3507,토익영단어,attend to,처리하다
3508,토익영단어,messenger,배달원
3509,토익영단어,make it,참석하다
3510,토익영단어,application,지원
3511,토익영단어,pay a visit,방문하다
3512,토익영단어,account,거래처
3513,토익영단어,be bound toV,반드시 ~하다
3514,토익영단어,every hour on the hour,매시 정각에
3515,토익영단어,turn up,나타나다
3516,토익영단어,carry,물건을 취급하다
3517,토익영단어,care to,~하고 싶다
3518,토익영단어,competent,능숙한
3519,토익영단어,reliant,의지하는
3520,토익영단어,comparable,비슷한
3521,토익영단어,be indicative of,~을 나타내다
3522,토익영단어,vigorous,활발한
3523,토익영단어,sizable demand,상당한 수요
3524,토익영단어,in favor of,~에 찬성하여
3525,토익영단어,in obsevance of,~을 기념하여
3526,토익영단어,patronage,애용
3527,토익영단어,sluggish,부진한
3528,토익영단어,rear,뒤의
3529,토익영단어,wardrobe,옷장
3530,토익영단어,ensuite,욕실이 딸린
3531,토익영단어,cause,목표; 단체
3532,토익영단어,miscellaneous expenses,잡비
3533,토익영단어,critical,찬성하지 않는
3534,토익영단어,mercury,수은
3535,토익영단어,susceptible to,~에 취약한
3536,토익영단어,remediation,개선
3537,토익영단어,off limits,출입금지의
3538,토익영단어,dredge,바닥을 파내다
3539,토익영단어,sediment,침전물
3540,토익영단어,dispose of,~을 처리하다
3541,토익영단어,submersed,몰속에 잠긴
3542,토익영단어,transformer,변압기
3543,토익영단어,endeavor,노력하다; 노력
3544,토익영단어,outrageous,엄청난
3545,토익영단어,fill you in,지금까지 있던 일을 알려주다
3546,토익영단어,issue,지급하다
3547,토익영단어,count someone in,~을 포함시키다
3548,토익영단어,err on the  side of caution,지나칠 정도로 조심하다
3549,토익영단어,work one's way up,(서서히)성장하다
3550,토익영단어,immensely,굉장히
3551,토익영단어,pothole,도로 움푹 패인 곳
3552,토익영단어,multidisciplinary,여러 학문 분야에 걸친
3553,토익영단어,autonomy,자율성
3554,토익영단어,enchanting,매력적인
3555,토익영단어,set A apart,A를 남다르게 만들다
3556,토익영단어,look up,검색하다
3557,토익영단어,settel up,계산하다
3558,토익영단어,branch out,넓혀 나가다
3559,토익영단어,pull up,(차를) 세우다
3560,토익영단어,set out,진열하다
3561,토익영단어,turn down,거절하다
3562,토익영단어,put through,연결하다
3563,토익영단어,it's on me,제가 낼게요
3564,토익영단어,not again,또 시작이네요
3565,토익영단어,on track,제대로 진행되고 있는
3566,토익영단어,on board,지지하는
3567,토익영단어,let down,실망시키다
3568,토익영단어,dare,감히 ~하다
3569,토익영단어,on top of,~뿐만 아니라
3570,토익영단어,give away,기부하다
3571,토익영단어,station,계산대
3572,토익영단어,entr?e,주요요리
3573,토익영단어,in good conscience,양심상
3574,토익영단어,settle on,~을 결정하다
3575,토익영단어,live up to,부응하다
3576,토익영단어,negate,무효로 하다
3577,토익영단어,less fortunate,불우이웃
3578,토익영단어,flora,식물상
3579,토익영단어,fauna,동물상
3580,토익영단어,infringe on,침해하다
3581,토익영단어,accompanied by,~을 수반하는
3582,토익영단어,release,양도
3583,토익영단어,explicit,명백히 표현된
3584,토익영단어,accredited,공인된
3585,토익영단어,rest assured,확신하다
3586,토익영단어,pressing,긴급한
3587,토익영단어,on the road,순회하는
3588,토익영단어,perch,걸터앉다
3589,토익영단어,food scrap,음식 찌꺼기
3590,토익영단어,deter,방해하다
3591,토익영단어,stride,진전
3592,토익영단어,untapped,미개발의
3593,토익영단어,off the beaten path,사람 발길이 닿지 않은
3594,토익영단어,ballot,찬반 투표 필요한 제안 법안
3595,토익영단어,disperse,분배하다
3596,토익영단어,ascertain,확인하다
3597,토익영단어,spur,박차를 가하다
3598,토익영단어,niche,틈새시장
3599,토익영단어,meteoric,혜성처럼 빠른
3600,토익영단어,bode,징조가 되다
3601,토익영단어,waver,약해지다
3602,토익영단어,cater,서비스하다
3603,토익영단어,lounge,느긋하게 앉다
3604,토익영단어,taxiing,지상주행
3605,토익영단어,pallet,받침대
3606,토익영단어,kickstand,받침대
3607,토익영단어,carpenter,목수
3608,토익영단어,poaching,(생선)졸이기
3609,토익영단어,embark on,시작하다
3610,토익영단어,competitive edge,경쟁 우위
3611,토익영단어,head start,유리한 출발
3612,토익영단어,come out on top,이기다
3613,토익영단어,keep it,건강을 유지하다
3614,토익영단어,portray,연기하다(act)
3615,토익영단어,bureau,부서
3616,토익영단어,ascending,오르다
3617,토익영단어,mount,고정시키다
3618,토익영단어,string,매달다
3619,토익영단어,waterfront,해안가
3620,토익영단어,slip,전표
3621,토익영단어,insider,내부자
3622,토익영단어,instructive,유익한
3623,토익영단어,resourceful,지략있는
3624,토익영단어,merely,겨우
3625,토익영단어,at most,기껏해야
3626,토익영단어,seldom,거의 ~하지 않다
3627,토익영단어,advantage/edge over,~보다 우위
3628,토익영단어,poorly worded,엉망으로 쓰여진
3629,토익영단어,aggregrate,종합하다
3630,토익영단어,pillar,기둥
3631,토익영단어,stow,집어넣다
3632,토익영단어,outstanding payment,미지불 대금
3633,토익영단어,as stipulated,규정된 대로
3634,토익영단어,paralegal,준법률가
3635,토익영단어,coursework,경과
3636,토익영단어,teller,창구 직원
3637,토익영단어,conceivably,아마도
3638,토익영단어,intriguing,아주 흥미로운
3639,토익영단어,conscious that,~을 알고있다
3640,토익영단어,transit,대중교통
3641,토익영단어,turnover rate,이직률
3642,토익영단어,come one's way,닥치다
3643,토익영단어,acclaimed,호평받는
3644,토익영단어,reiterate,반복하다
3645,토익영단어,gauge,측정하다
3646,토익영단어,specify,명시하다
3647,토익영단어,patronize,후원하다
3648,토익영단어,that works,그거 괜찮네요
3649,토익영단어,don't bother,안 그래도 돼요
3650,토익영단어,that will do,그거면 돼요
3651,토익영단어,It can't be helped,어쩔 수 없어요
3652,토익영단어,segment,부문
3653,토익영단어,glare,번쩍이는 빛
3654,토익영단어,mended,수리된
3655,토익영단어,instructional event,교육 일정
3656,토익영단어,dismantle,분해하다
3657,토익영단어,benefit show,자선 행사
3658,토익영단어,excursion,여행
3659,토익영단어,financing,자금 조달
3660,토익영단어,go through,소진하다
3661,토익영단어,accountable,책임이 있는
3662,토익영단어,eminent,저명한
3663,토익영단어,sturdy,견고한
3664,토익영단어,fondly,애정을 담아
3665,토익영단어,marginally,약간
3666,토익영단어,moderately,알맞게
3667,토익영단어,commensurate,상응하는
3668,토익영단어,party,당사자
3669,토익영단어,absenteeism,잦은 결근
3670,토익영단어,binoculars,쌍안경
3671,토익영단어,bypass,무시하다
3672,토익영단어,liven up,활기를 불어넣다
3673,토익영단어,dazzle,황홀하게 하다
3674,토익영단어,hereby,이로써
3675,토익영단어,sound,건전한
3676,토익영단어,discrepancy,"차이, 불일치"
3677,토익영단어,proactive,적극적인
3678,토익영단어,come across,알게 되다
3679,토익영단어,be infused with,~이 배어있다
3680,토익영단어,planetarium,천체
3681,토익영단어,disembark,내리다[내리게하다]
3682,토익영단어,customs clearance,세관 통관
3683,토익영단어,in spite of oneself,자신도 모르게
3684,토익영단어,downturn,경기침체
3685,토익영단어,stellar,뛰어난
3686,토익영단어,be in for,~을 맞게 될 상황이다
3687,토익영단어,station,방송(국)
3688,토익영단어,break down,분석하다
3689,토익영단어,tactic,전략
3690,토익영단어,concisely,간결하게
3691,토익영단어,inadvertently,무심코
3692,토익영단어,figuratively,비유적으로
3693,토익영단어,within reason,합당한 범위 내에세ㅓ
3694,토익영단어,sparse,드문
3695,토익영단어,implore,애원하다
3696,토익영단어,shelf life,유통기한
3697,토익영단어,refinance,대출을 바꾸다
3698,토익영단어,contend,경쟁하다
3699,토익영단어,apart from,~을 제외하고
3700,토익영단어,timepiece,시계
3701,토익영단어,raise,임금 인상
3702,토익영단어,enact,제정하다
3703,토익영단어,emit,(빛 등을) 발산하다
3704,토익영단어,account,"고객, 거래"
3705,토익영단어,give in,마지못해 동의하다
3706,토익영단어,count,중요하다
3707,토익영단어,allow for,~을 참작하다
3708,토익영단어,hygiene,위생
3709,토익영단어,competence,역량
3710,토익영단어,conservatory,음악원
3711,토익영단어,dub,일컫다
3712,토익영단어,barge,바지선
3713,토익영단어,pier,교각
3714,토익영단어,fall on,(날짜가) ~이다
3715,토익영단어,garner,모으다
3716,토익영단어,make amends,보상하다
3717,토익영단어,chiller,냉각기
3718,토익영단어,trademarked,상표가 등록된
3719,토익영단어,flair,재능
3720,토익영단어,get ~ off the ground,실행에 옮기다
3721,토익영단어,tread,접지면
3722,토익영단어,prudent,신중한
3723,토익영단어,territory,"영역, 분야"
3724,토익영단어,counterpart,상대
3725,토익영단어,striking,인상적인
3726,토익영단어,seafaring,바다
3727,토익영단어,spare no expense,비용을 아끼지 않다
3728,토익영단어,sticker price,소비자 가격
3729,토익영단어,accounted,간주되는
3730,토익영단어,diplomat,외교관
3731,토익영단어,pollinate,수분하다
3732,토익영단어,equator,적도
3733,토익영단어,walk-through,부동산 점검
3734,토익영단어,timber,목재
3735,토익영단어,sealant,방수제
3736,토익영단어,bristled,털 달린
3737,토익영단어,mildew,곰팡이
3738,토익영단어,override,~을 중단시키다
3739,토익영단어,foray,(다른 활동에)진출하려는 시도
3740,토익영단어,incidentally,덧붙여 말하자면
3741,토익영단어,esteem,존경
3742,토익영단어,at one's fingertips,간편하게
3743,토익영단어,brick-and-mortar,"소매의, 오프라인 거래의"
3744,토익영단어,adept,능숙한
3745,토익영단어,offering,내놓은 작품
3746,토익영단어,applicable,해당되는
3747,토익영단어,signage,신호체계
3748,토익영단어,royalty,저작권 사용료
3749,토익영단어,concur,동의하다
3750,토익영단어,roundabout,로터리
3751,토익영단어,conservative,"적게 잡은, 보수적인"
3752,토익영단어,forage,찾다
3753,토익영단어,rave,극찬하다
3754,토익영단어,critique,비평하다
3755,토익영단어,vaulted,아치형의
3756,토익영단어,combat,제거하려고 노력하다
3757,토익영단어,dispatcher,배차원
3758,토익영단어,complication,문제
3759,토익영단어,spot,발견하다
3760,토익영단어,sentiment,"감정, 의견"
3761,토익영단어,phase out,점점 사라지다
3762,토익영단어,send away for,~을 우편으로 주문하다
3763,토익영단어,disinfectant,소독용의
3764,토익영단어,passive,수동적인
3765,토익영단어,housing development,주택 단지
3766,토익영단어,situate,위치시키다
3767,토익영단어,executing,수행하기
3768,토익영단어,corroded,부식된
3769,토익영단어,shingle,지붕용판자
3770,토익영단어,title,출판물
3771,토익영단어,aptitude,능력
3772,토익영단어,limelight,각광
3773,토익영단어,peer,"동료, 친구"
3774,토익영단어,compelling,흥미로운
3775,토익영단어,distinctive,독특한
3776,토익영단어,outpost,지점
3777,토익영단어,steer,유도하다
3778,토익영단어,live,살아있는
3779,토익영단어,lively,활기 넘치는
3780,토익영단어,simmer,끓다
3781,토익영단어,ambassador,대사
3782,토익영단어,memoir,회고록
3783,토익영단어,foremost,주요한
3784,토익영단어,scope,"능력, 여지"
3785,토익영단어,scrumptious,아주 맛있는
3786,토익영단어,horticulturalist,원예사
3787,토익영단어,attention,귀하
3788,토익영단어,monetary,금전적인
3789,토익영단어,bouquet,꽃다발
3790,토익영단어,wilted,시든
3791,토익영단어,petal,꽃잎
3792,토익영단어,medication,약
3793,토익영단어,every now and then,가끔
3794,토익영단어,fine,과태료를 부과하다;  촘촘한
3795,토익영단어,intuitive,이해하기 쉬운
3796,토익영단어,be slated to,~할 예쩡이다
3797,토익영단어,tableware,식기류
3798,토익영단어,vocational,직업과 관련된
3799,토익영단어,discipline,지식 분야
3800,토익영단어,settled,안정적인
3801,토익영단어,subsidy,보조금
3802,토익영단어,revitalization,재활성화
3803,토익영단어,decay,퇴락하다
3804,토익영단어,beehive,벌통
3805,토익영단어,pitch,"홍보, 권유"
3806,토익영단어,indulge,"채우다, 마음껏하다"
3807,토익영단어,enticing,매력적인
3808,토익영단어,owe,"~ 덕분이다, 빚지다"
3809,토익영단어,cell service,네트워크 연결 서비스
3810,토익영단어,at ease,걱정없이
3811,토익영단어,versus,~에 비해
3812,토익영단어,plywood,합판
3813,토익영단어,lead,납
3814,토익영단어,dumpster,대형 쓰레기통
3815,토익영단어,impairment,장애
3816,토익영단어,remote possibility,희박한 가능성
3817,토익영단어,craft,공들여 만들다
3818,토익영단어,be on the horizon,본격화 되다
3819,토익영단어,loan,대여하다
3820,토익영단어,shed,헛간
3821,토익영단어,steering committee,운영위원회
3822,토익영단어,rollout,첫공개
3823,토익영단어,hail,우박
3824,토익영단어,provide an excuse,변명하다
3825,토익영단어,nursery,묘목장
3826,토익영단어,drought-hardy,가뭄에 강한
3827,토익영단어,varietal,품종
3828,토익영단어,good,유효한
3829,토익영단어,out,(재고가) 없다
3830,토익영단어,shipyard,조선소
3831,토익영단어,etched,새기다
3832,토익영단어,legacy,유산
3833,토익영단어,porcelain,자기
3834,토익영단어,defaced,외관이 손상된
3835,토익영단어,card stock,명함의 원료 종이
3836,토익영단어,land,(계약을) 따내다
3837,토익영단어,back out,철회하다
3838,토익영단어,cap,제한을 두다
3839,토익영단어,fishing pier,낚시터
3840,토익영단어,adaptive,(자동)조정의
3841,토익영단어,turn off,(가던 길에서)빠져나가다
3842,토익영단어,corrugated,물결 모양의
3843,토익영단어,interpersonal,대인관계의
3844,토익영단어,get the most out of,~을 최대한 활용하다
3845,토익영단어,reinstate,복귀시키다
3846,토익영단어,please be advised that,~을 알려드립니다
3847,토익영단어,robust,활기를 띠는; 탄탄한
3848,토익영단어,office,임원
3849,토익영단어,association,협회
3850,토익영단어,relish,즐기다
3851,토익영단어,mishap,작은 사고
3852,토익영단어,settle into,자리잡다
3853,토익영단어,bluntly,"직설적으로, 퉁명스럽게"
3854,토익영단어,unaccommodating,불친절한
3855,토익영단어,swivel,회전
3856,토익영단어,braai,바비큐 파티
3857,토익영단어,convene,개최되다
3858,토익영단어,knob,손잡이
3859,토익영단어,sophisticated,교양있는
3860,토익영단어,fill you in,(요청받은 것을) 제공하다
3861,토익영단어,candid,"솔직한, 자연스러운"
3862,토익영단어,deploy,배치하다
3863,토익영단어,tackle,"처리하다, 씨름하다"
3864,토익영단어,trench,도랑
3865,토익영단어,time frame,작업기간
3866,토익영단어,turnaround,소요시간
3867,해커스,aerospace,[명] 항공우주산업
3868,해커스,responsive,[형] 즉각 반응하는
3869,해커스,dependable,믿을 수 있는
3870,해커스,perceptible,감지할 수 있는
3871,해커스,condone,[동] 용납하다
3872,해커스,rotary,회전하는
3873,해커스,seek after," -을 찾다, 구하다"
3874,해커스,ovation,박수
3875,해커스,salute,경의를 표하다
3876,해커스,moving,"[형] 움직이는, 감동시키는"
3877,해커스,stand out,두드러지다
3878,해커스,assent,찬성
3879,해커스,straightforward,"[형] 간단한, 솔직한"
3880,해커스,obligatory,의무적인
3881,해커스,FYI,For Your Information
3882,해커스,concern,관한 것이다
3883,해커스,porch,"[명] 현관, 베란다"
3884,해커스,come over,"방문하다, 멀리서 오다"
3885,해커스,dedicated,전용의
3886,해커스,decent,"[형] 괜찮은, 예의 바른, 적절한"
3887,해커스,compensation package,보수
3888,해커스,extend,늘이다; 제안하다
3889,해커스,inconsistent,"[형] 모순되는, 일관성없는, 맞지 않는"
3890,해커스,soak,[동] 흠뻑 적시다
3891,해커스,in order of,~순으로
3892,해커스,in no time,"당장에, 곧"
3893,해커스,witty,"[형] 재치있는, 익살맞은"
3894,해커스,awe-inspiring,경외심을 불러일으키는
3895,해커스,wander,"[동] (정처없이) 돌아다니다, 헤매다"
3896,해커스,prospective,"[형] 유망한, 다가오는, 장래의"
3897,해커스,embody,"[동] 구현하다, 포함하다, 상징하다"
3898,해커스,contribution,"[명] 기여, 기부금, 연금"
3899,해커스,discrepancy,[명] 불일치
3900,해커스,file,제출하다
3901,해커스,chamber of commerce,상공회의소
3902,해커스,workable,실행가능한
3903,해커스,safety gear,안전 장치
3904,해커스,earnest,"[형] 성실한, 진심어린"
3905,해커스,cautious,"[형] 주의깊은, 신중한"
3906,해커스,coincide with, -와 동시에 일어나다
3907,해커스,subsidize,[동] 보조금을 주다
3908,해커스,as of,~일자로
3909,해커스,along with,"~와 마찬가지로, ~와 함께"
3910,해커스,contemplation,"[명] 사색, 명상"
3911,해커스,intermittently,간간이 일어나는
3912,해커스,capacity,"[명] 용량, 능력; 지위"
3913,해커스,boldly,"[부] 대담하게, 뻔뻔스럽게"
3914,해커스,violently,"[부] 격렬하게, 난폭하게"
3915,해커스,defrost,해동하다
3916,해커스,thaw,"[동] 녹다, 해동시키다"
3917,해커스,by,"[전] ~의 옆에,~에 의하여,~까지; ~만큼"
3918,해커스,financial statement,재무제표
3919,해커스,waterfront,[명] 해안가
3920,해커스,merchant,[명] 상인
3921,해커스,savory,맛있는
3922,해커스,halibut,넙치
3923,해커스,intermittent reception,일시적으로 멈추는 수신상태
3924,해커스,to date,지금까지
3925,해커스,consider it done,맡겨만 주세요
3926,해커스,standard commitment,관례적인 약속
3927,해커스,administration,"[명] 관리, 집행, 운영"
3928,해커스,account,"[명] 계좌, 설명
[동] 설명하다"
3929,해커스,manuscript,[명] 원고
3930,해커스,deposit,"[명] 예금, 보증금
[동] 예금하다, 두다"
3931,해커스,getaway,"[명] 도주, 휴가"
3932,해커스,relate to,~와 관련되다; ~을 이해하다
3933,해커스,share,지분
3934,해커스,govern,"[동] 통제하다, 지배하다"
3935,해커스,keep track of, -을 계속 파악하고 있다
3936,해커스,management,"[명] 경영, 관리(진)"
3937,해커스,would like (toV),~을 가지고 싶다 (~하고 싶다)
3938,해커스,intensely,몹시
3939,해커스,keep pace with,(~와) 보조를 맞추다
3940,해커스,recital,발표회
3941,해커스,excluding,~을 제외하고
3942,해커스,exclusively,오직
3943,해커스,keep with,~을 따르다
3944,해커스,consulate,영사관
3945,해커스,embassy,[명] 대사관
3946,해커스,mark down,할인하다
3947,해커스,smart,"[형] 영리한, 깔끔한"
3948,해커스,head,"[명] 머리, 책임자, 교장[동] 가다, 이끌다, 책임지다"
3949,해커스,headliner,주요 출연자
3950,해커스,promoter,"[명] 기획자, 옹호자"
3951,해커스,thoroughfare,주요도로
3952,해커스,complication,"[명] 문제, 합병증"
3953,해커스,witness,"목격하다, 확인하다"
3954,해커스,pending,"[형] 미정인, 임박한"
3955,해커스,be set to,~하도록 예정되어 있다
3956,해커스,count,~을 믿다
3957,해커스,grind on,(불쾌한 일이 오래) 이어지다
3958,해커스,resolution,"[명] 결심, 해결"
3959,해커스,stick to,고수하다
3960,해커스,stationary,[형] 움직이지 않는
3961,해커스,get fit,건강해지다
3962,해커스,liability,책임
3963,해커스,proprietor,"[명] 소유자, 사업주"
3964,해커스,pending,(전) 있을 때까지
3965,해커스,assess,[동] 평가하다
3966,해커스,namely,"[부] 즉, 말하자면"
3967,해커스,narrowly,"[부] 좁게, 아슬아슬하게"
3968,해커스,abid by,준수하다
3969,해커스,disclosure,[명] 폭로
3970,해커스,attentive,[형] 주의 깊은
3971,해커스,generic,"[형] 일반적인, 포괄적인"
3972,해커스,attribute,"[동] ~의 덕분으로 여기다, ~의 결과로 보다[명] 속성, 특질"
3973,해커스,studious,학구적인
3974,해커스,utter,[동] 말하다[형] 완전한
3975,해커스,far from,~은 커녕
3976,해커스,remind A of B / toV / that,A에게 ~를 연상하게 하다
3977,해커스,impulsive,충동적인
3978,해커스,imperative,"[형] 필수적인, 명령적인"
3979,해커스,drop,"그만두다, 취소하다"
3980,해커스,syllabus,강의요강
3981,해커스,extend,배풀다
3982,해커스,yet another,또다른
3983,해커스,diligent,부지런한
3984,해커스,barring,~을 제외하고
3985,해커스,in a row,연속하여
3986,해커스,provided,[접] 만일 ~라면
3987,해커스,discretion,"[명] 자유재량, 신중함"
3988,해커스,accrue,누적하다
3989,해커스,rewire,배선을 바꾸다
3990,해커스,adjoining,인접한
3991,해커스,tastefully,멋있게
3992,해커스,settle on,~을 결정하다
3993,해커스,boost,"[동] 신장시키다, 북돋우다[명] 격려, 증가, 부양책"
3994,해커스,for the foreseeable future,당분간
3995,해커스,secure,확보하다
3996,해커스,commission,"[명] 의뢰, 위원회, 수수료, 위임장[동] 의뢰하다, 위임하다"
3997,해커스,contemplate,"[동] 심사숙고하다, 고려하다, 응시하다"
3998,해커스,pioneering,선구적인
3999,해커스,tough,"[형] 힘든, 강인한, 질긴"
4000,해커스,exclusivity,고급스러움
4001,해커스,wrap up,마무리 짓다
4002,해커스,contemporary,"[형] 현대의, 동시대의"
4003,해커스,charter,"[명] 전세, 선언문, 인가서[동] 전세내다, 인가하다"
4004,해커스,spontaneous,"[형] 자발적인, 즉흥적인"
4005,해커스,workout,[명] 운동
4006,해커스,credit,할인
4007,해커스,deliberately,"[부] 고의로, 의도적으로, 신중하게"
4008,해커스,circulation,"[명] 순환, 유통, 배포, 대출"
4009,해커스,date back to,~까지 시간을 거슬러 올라가다
4010,해커스,prehistoric,[형] 선사시대의
4011,해커스,implicitly,[부] 함축적으로
4012,해커스,consisting of,구성된
4013,해커스,in lieu of,~대신에
4014,해커스,screen,가리다; 심사하다
4015,해커스,mutual,"[형] 상호 간의, 공동의"
4016,해커스,correction,"[명] 정정, 수정"
4017,해커스,fall into,"~에 빠지다, ~에 종사하다, ~로 나뉘다"
4018,해커스,fall on,떨어지다
4019,해커스,name,임명하다
4020,해커스,likewise,"[부] 마찬가지로, 똑같이"
4021,해커스,other than,~이외에
4022,해커스,vacate,비우다
4023,해커스,reunion,"[명] 모임, 재결합, 동창회"
4024,해커스,deem,[동] (~이라) 생각하다
4025,해커스,budget,자원을 계획하다
4026,해커스,speculate,"[동] 추측하다, 투기하다"
4027,해커스,base,근거지를 두다
4028,해커스,prompt,"[형] 신속한, 즉각적인[동] 촉발하다, 자극하다"
4029,해커스,involving,관련된
4030,해커스,up for,(어떤 활동을) 기꺼이 하려고 하는
4031,해커스,gated community,외부인 출입 제한 주택지
4032,해커스,deter,저지하다
4033,해커스,burglar,[명] 강도
4034,해커스,acquaint,[동] 익히다
4035,해커스,get-togethers,모임
4036,해커스,virtue,"장점, 선행"
4037,해커스,decent,"[형] 괜찮은, 예의 바른, 적절한"
4038,해커스,communicate,"[동] 의사소통하다, 전하다"
4039,해커스,premium,"[명] 보험료, 할증료[형] 고급의"
4040,해커스,sit in,참가하다
4041,해커스,hem,[명] 단[동] 단을 만들다
4042,해커스,contribute,"[동] 기여하다, 기부하다"
4043,해커스,high-profile,"[형] 남의 이목을 끄는, 유명한"
4044,해커스,parlor,"[명] 거실, 응접실, 상점"
4045,해커스,giveaway,증정품
4046,해커스,eclectic,점층적인
4047,해커스,arm,지부
4048,해커스,surroundings,"[명] 환경, 배경"
4049,해커스,surrounding,"[형] 인근의, 주위의"
4050,해커스,run for, -에 입후보하다
4051,해커스,assessment,"[명] 평가, 평가액"
4052,해커스,occupation,"[명] 직업, 점령"
4053,해커스,excuse form, -에서 면제하다
4054,해커스,expert,[명] 전문가[형] 전문가의
4055,해커스,invest,[동] 투자하다
4056,해커스,investigate,"[동] 조사하다, 연구하다"
4057,해커스,in reference to, -에 관하여
4058,해커스,descendant,[명] 자손
4059,해커스,now that,~이기 때문에
4060,해커스,prone,[형] ~하기 쉬운
4061,해커스,would care to, -할 의향이 있다
4062,해커스,reconcile,[동] 조화시키다
4063,해커스,decipher,"[동] 판독하다, 해독하다"
4064,해커스,even with, -에도 불구하고
4065,해커스,as to,~에 관해
4066,해커스,furthermore,"[부] 더욱이, 게다가, 뿐만 아니라"
4067,해커스,likewise,"[부] 마찬가지로, 비슷하게"
4068,해커스,failure,"[명] 실패, 장애"
4069,해커스,pose,제기하다
4070,해커스,endeavor,"[동] 노력하다, 시도하다[명] 노력, 시도"
4071,해커스,resumption,재개
4072,해커스,fidelity,"[명] 충실함, 신의, 정확도, 성능"
4073,해커스,hotline,직통전화
4074,해커스,sign up,가입하다
4075,해커스,instrumental,"[형] 중요한, 도움이 되는, 악기에 의한[명] 기악곡"
4076,해커스,globetrotter,세계여행자
4077,해커스,budget,저가의
4078,해커스,staffing,직원 채용
4079,해커스,step in for,대신해서 일하다
4080,해커스,at once,"즉시, 당장"
4081,해커스,solid business,탄탄한 사업
4082,해커스,aggressive,"[형] 공격적인, 적극적인"
4083,해커스,crucial,"[형] 중대한, 결정적인"
4084,해커스,N/A,해당없음
4085,해커스,undertaking,"[명] 사업, 약속, 일"
4086,해커스,studio unit,원룸
4087,해커스,unwind,(긴장을) 풀다
4088,해커스,out of pocket,사비로
4089,해커스,stopover,경유
4090,해커스,arrange for,준비하다
4091,해커스,courteous,정중한
4092,해커스,sources,소식통
4093,해커스,obscure,"[형] 모호한, 잘 알려지지 않은, 무명의[동] 모호하게 하다"
4094,해커스,groundbreaking,획기적인
4095,해커스,coverage,"[명] 보도, 취재, 범위"
4096,해커스,overtake,"[동] 추월하다, 갑자기 닥치다"
4097,해커스,progressive,"[형] 진보적인, 점진적인"
4098,해커스,progressively,(꾸준히) 계속해서
4099,해커스,progress,[명] 진전[동] 진행되다
4100,해커스,inadvertently,"[부] 무심코, 우연히"
4101,해커스,reside,[동] 거주하다
4102,해커스,residence,"[명] 주택, 거주"
4103,해커스,preferred,"[형] 우선의, 발탁된"
4104,해커스,commission,"[명] 위원회, 수수료, 위임장[동] 의뢰하다, 위임하다"
4105,해커스,knowingly,"[부] 다 알고, 고의로"
4106,해커스,affiliate,"[동] 제휴하다, 연계하다, 가입하다[명] 지부, 계열사"
4107,해커스,denote,"[동] 나타내다, 의미하다"
4108,해커스,occasional,"[형] 가끔의, 때때로의"
4109,해커스,inviting,매력적인
4110,해커스,operating,"[형] 수술의, 운영상의, 조작상의"
4111,해커스,apologetic,미안해하는
4112,해커스,in relation to,~에 관련하여
4113,해커스,barring, -을 제외하고
4114,해커스,station,"배치하다, 가있다"
4115,해커스,incorporate,"[동] ~을 포함하다, (법인을) 설립하다[명] 타협"
4116,해커스,enact,"[동] 제정하다, 상영하다"
4117,해커스,so that,~하기 위하여
4118,해커스,out of respect for,존경의 이유로
4119,해커스,trustee,"[명] 신탁관리자, 이사"
4120,해커스,occasionally,[부] 이따금
4121,해커스,forthcoming,"[형] 곧 있을, 준비되어 있는"
4122,해커스,dent,"[동] 움푹들어가게 만들다, 훼손하다[명] 움푹들어간 곳"
4123,해커스,exemplary,[형] 모범적인
4124,해커스,graduating senior,4학년
4125,해커스,flat fee,균일가
4126,해커스,keepsake,기념품
4127,해커스,story(storey),층
4128,해커스,pitch,"[동] 던지다, 곤두박질치다[명] 던지기, 음의 높이, 경기장, 높이, 아이디어, 경사도, 선언"
4129,해커스,relevant,[형] 관련된
4130,해커스,pension,"[명] 연금, 생활 보조금"
4131,해커스,chapter,지부
4132,해커스,graduate (undergraduate),대학원생 (학부생)
4133,해커스,viable,[형] 실행 가능한; 생존 가능한
4134,해커스,deficit,"[명] 부족, 적자"
4135,해커스,strip,소규모
4136,해커스,deem,[동] (~이라) 생각하다
4137,해커스,viability,"[명] 생존능력, 실행가능성"
4138,해커스,hasten,"[동] 서둘러 하다, 재촉하다"
4139,해커스,establishment,"[명] 기관, 설립"
4140,해커스,implement,[동] 실행하다[명] 도구
4141,해커스,attendant,"[명] 종업원, 안내원[형] 수반되는"
4142,해커스,legitimize,[동] 정당화하다
4143,해커스,coordinate,"[동] 조직하다, 조정하다[형] 동등한"
4144,해커스,terrain,"[명] 지형, 지역"
4145,해커스,customizable,주문에 따라 제공할 수 있는
4146,해커스,knowledgeable,"[형] 박식한, 많이 아는"
4147,해커스,hastily,"[부] 급히, 서둘러서"
4148,해커스,amid,"[전] ~의 가운데에, ~ 속에"
4149,해커스,origination,"시작, 일어남; 창작"
4150,해커스,take care of,돌보다; 조심하다; 책임지다; 처리하다
4151,해커스,alongside,"[부] ~옆에, ~와 함께"
4152,해커스,distinguished,"[형] 유명한, 뛰어난"
4153,해커스,distinguishing,특징적인
4154,해커스,bonds,채권
4155,해커스,mutual funds,계약형 투자 신탁
4156,해커스,commentator,[명] 해설자
4157,해커스,anonymously,익명으로
4158,해커스,director,"[명] 임원, 책임자, 감독"
4159,해커스,administrative,[형] 관리의
4160,해커스,beyond,"[전] (장소)~의 너머, (시간)~을 지나"
4161,해커스,relative to,~에 비례하여
4162,해커스,arguably,"[부] 거의 틀림없이, 확실히 주장하건데"
4163,해커스,upward,[부] 위쪽으로[형] 위를 향한; 상승하고 있는
4164,해커스,onwards,"[부] (특정 시간부터) 계속, 앞으로"
4165,해커스,retrieve,"[동] 되찾다, 회복하다"
4166,해커스,fiction,"[명] 소설, 허구"
4167,해커스,subtract,[동] 빼다
4168,해커스,frequent filler number,상용 고객 번호
4169,해커스,enlist,"[동] 요청하여 얻다, 입대하다"
4170,해커스,a couple of,"둘의, 두서너 개의"
4171,해커스,gear up,준비를 갖추다
4172,해커스,capacity,"[명] 용량, 능력, 지위"
4173,해커스,pursuit,"[명] 추구, 추격"
4174,해커스,resort,휴양지
4175,해커스,production,"[명] 생산, 제작, 공연"
4176,해커스,otherwise,"[부] 그렇지 않다면, (~와는) 달리, 그밖에"
4177,해커스,aside from,"~ 외에는, ~를 제외하고"
4178,해커스,artifact,유물
4179,해커스,tribe,[명] 부족
4180,해커스,terrific,"[형] 훌륭한, 멋진"
4181,해커스,customs,"[명] 세관, 관세"
4182,해커스,elements,비바람
4183,해커스,a portion of,약간의
4184,해커스,hardly,막 이제
4185,해커스,deceive,"[동] 속이다, 기만하다"
4186,해커스,forge,"[동] 위조하다, 구축하다"
4187,해커스,temper,완화시키다
4188,해커스,deem,[동] (~이라) 생각하다
4189,해커스,idle,[형] 게으른
4190,해커스,delicate,"[형] 연약한, 섬세한, 미묘한"
4191,해커스,lenient,관대한
4192,해커스,portion,"[명] 부분, 1인분"
4193,해커스,thus far,여태까지
4194,해커스,contemplate,"[동] 심사숙고하다, 고려하다, 응시하다"
4195,해커스,provisional,"[형] 임시의, 잠정적인"
4196,해커스,incur,"[동] (안좋은 상황을) 초래하다, 처하다; (비용을) 발생시키다, 물다"
4197,해커스,occupancy expense,주거비용
4198,해커스,spatial,[형] 공간의
4199,해커스,facilitator,협력자
4200,해커스,subsidy,[명] 보조금
4201,해커스,subsidiary,"[형] 부수적인, 자회사의"
4202,해커스,mandate,"[명] 권한, 명령[동] 권한을 부여하다, 명령하다"
4203,해커스,concern,"[명] 걱정, 관심[동] 걱정하다, 관심을 갖다; 관한 것이다; 영향을 미치다"
4204,해커스,utmost,"최고의, 극도의"
4205,해커스,adom,꾸미다
4206,해커스,desperate,"[형] 절망적인, 필사적인; 간절히 필요로 하는; 자포자기한"
4207,해커스,rigorous,"[형] 엄격한, 정확한"
4208,해커스,operate,"[동] 조작하다, 수술하다, 운영하다"
4209,해커스,impart,"[동] 전하다, 주다"
4210,해커스,require,"[동] 요구하다, 필요로 하다"
4211,해커스,rehabilitation,[명] 재활
4212,해커스,territory,"[명] 영토, 영역"
4213,해커스,induced,유발된
4214,해커스,comparatively,"[부] 비교적, 상당히"
4215,해커스,tragically,비극적으로
4216,해커스,expectantly,기대하여
4217,해커스,dean,[명] (대학)학과장
4218,해커스,distinction,"[명] 차이, 특징, 뛰어남"
4219,해커스,certify,"[동] 증명하다, 자격증 교부하다"
4220,해커스,officiate,직무를 수행하다
4221,해커스,break off,"분리되다, (말, 행동 등을) 중단하다"
4222,해커스,go for,"~을 공격하다, 지지하다, 좋아하다"
4223,해커스,misplace,잃어버리다
4224,해커스,file,"[명] 파일, 정보, 줄[동] 보관하다, 제기하다, 다듬다"
4225,해커스,locate,"[동] (장소를) 찾아내다, (특정 위치에) 두다"
4226,해커스,religious,"[형] 종교의, 신앙심이 깊은"
4227,해커스,observance,준수; 축하; 의식
4228,해커스,hence,"[부] 그러므로, 이런 이유로"
4229,해커스,occupy with, -에 빠지다
4230,해커스,go a long way toward, -에 크게 도움이 되다
4231,해커스,patent,[명] 특허[형] 특허를 받은[동] 특허권을 얻다
4232,해커스,placement,"[명] 현장실습, 배치, 설치"
4233,해커스,recap,재정리하다
4234,해커스,take time off,시간을 내다
4235,해커스,ample,[형] 충분한
4236,해커스,provision,"[명] 공급, 식량, 규정, 준비"
4237,해커스,apprise,알리다
4238,해커스,pending,"[형] 미결인, 임박한"
4239,해커스,quote,"[동] 인용하다[명] 인용, 견적"
4240,해커스,it's a long shot,가능성이 적다
4241,해커스,presidential suite,귀빈실
4242,해커스,confirm,[동] 확인하다
4243,해커스,coverage,취재; 보험
4244,해커스,master of ceremonies,사회자
4245,해커스,glimpse,[동] 흘끗 보다[명] 흘끗 봄; 짧은 경험
4246,해커스,subdued,차분한; 부드러운
4247,해커스,opt to,[동] ~하기로 선택하다
4248,해커스,minor,"[형] 작은, 덜 중요한[명] 미성년자, 부전공"
4249,해커스,brief someone on something,~에게 ~에 대한 자세한 정보를 주다
4250,해커스,confrontation,"[명] 직면, 대립"
4251,해커스,relate,[동] 관련시키다; ~에 대하여 이야기 하다
4252,해커스,tolerant,[형] 관대한; 잘 견디는
4253,해커스,spontaneous,"[형] 자발적인, 즉흥적인"
4254,해커스,extravagant,"[형] 낭비하는, 사치스러운, 호화로운"
4255,해커스,following,~후에
4256,해커스,expect,"[동] 기대하다, 기다리다, 예상하다, 요구하다"
4257,해커스,show up,나타나다
4258,해커스,show up for work,출근하다
4259,해커스,volatile,"[형] 변덕스러운, 불안한, 휘발성의"
4260,해커스,plunge,"[동] 뛰어들다, 급락하다"
4261,해커스,hold,~을 ~라고 간주하다
4262,해커스,engaging,"[형] 호감이 가는, 매력적인"
4263,해커스,staff,직원을 제공하다
4264,해커스,thereafter,"[부] 그후에, 그때부터"
4265,해커스,signify,"[동] 나타내다, 중요하다"
4266,해커스,heavily,"[부] 아주 많이, 세게"
4267,해커스,perk,[동] 특전
4268,해커스,upkeep,유지(비)
4269,해커스,wardrobe,"[명] 옷장, 옷, 의상팀"
4270,해커스,transcript,"[명] 성적 증명서, 베낀 것"
4271,해커스,relieve,[동] 안도하게 하다; (심각성/단조로움)을 줄이다
4272,해커스,apply oneself to,~에 전념하다
4273,해커스,designation,"[명] 지정, 지명, 명칭"
4274,해커스,concern,"[명] 걱정, 관심[동] 걱정하다, 관심을 갖다"
4275,해커스,haltingly,머뭇거리며
4276,해커스,departure,"[명] 출발, 떠남, 일탈"
4277,해커스,adapt,[동] 적응하다; 조정하다; 개작하다
4278,해커스,other than,~이외에
4279,해커스,or else,그렇지 않으면
4280,해커스,discrete,[형] 별개의
4281,해커스,total,총합이 ~이다
4282,해커스,settle,"[동] (분쟁 등을) 해결하다, 정착하다, 진정시키다, 결정하다"
4283,해커스,insure,[동] 보험에 가입하다[팔다]
4284,해커스,stable,[형] 안정된[명] 마구간
4285,해커스,cordially,다정하게; 진심으로; 몹시
4286,해커스,poet,[명] 시인
4287,해커스,poetry,[명] 시
4288,해커스,resonate,"[동] 소리가 울려퍼지다, 상기시키다, 반항을 불러일으키다"
4289,해커스,imminent,[형] 임박한
4290,해커스,widespread,[형] 광범위한
4291,해커스,get in the way,방해되다
4292,해커스,intimidate,"[동] 협박하다, 겁을 주다"
4293,해커스,report to,~의 지시를 받다
4294,해커스,line,"[명] 선, 줄, 회선"
4295,해커스,credit,"[명] 인정, 신용 거래, 빌린 돈, 학점, 인정"
4296,해커스,sleek,"[형] 매끈한, 세련된"
4297,해커스,terrain,"[명] 지형, 지역"
4298,해커스,synchronize,~와 동시에 일어나다
4299,해커스,indulge,[동] 마음 껏 하다; 충족시키다
4300,해커스,gourmet,[명] 미식가
4301,해커스,gourmet food,고급식료품
4302,해커스,upscale,고급의
4303,해커스,discriminating,안목있는
4304,해커스,packed,[형] 꽉들어찬
4305,해커스,moderate,"[형] 중간의, 적당한; 완화하다[되다]"
4306,해커스,moderately,"[부] 적당히, 알맞게"
4307,해커스,impose on,"~을 속이다, 이용하다; 강요하다"
4308,해커스,coordinative,동등한
4309,해커스,subtraction,"빼기, 뺄셈"
4310,해커스,contest,경쟁을 벌이다
4311,해커스,off,"[부] 멀리, 떨어져서, 벗어나서[전] ~에서 떨어져, ~을 벗어나서"
4312,해커스,online,[형] 온라인의[부] 온라인으로
4313,해커스,vigorous,"[형] 격렬한, 활기찬"
4314,해커스,far apart,멀리 떨어져 있는
4315,해커스,stay off,"삼가다, 멀리하다; ~에서 떨어져있다; 출석 안하고 있다"
4316,해커스,in keep with,~와 일치[조화]하여
4317,해커스,denial,"[명] 부인, 거부"
4318,해커스,oversight,"[명] 실수, 관리, 감독"
4319,해커스,find,"~을 ~라고 생각하다, ~을 ~하다고 여기다"
4320,해커스,elsewhere,[부] 다른 곳에서(으로)
4321,해커스,renewable,[형] 재생 가능한; 갱신 가능한
4322,해커스,dependable,믿을 수 있는
4323,해커스,hold off,"연기하다, 지체시키다; 시작하지 않다"
4324,해커스,golden year,노후
4325,해커스,full course load,최대수업량
4326,해커스,thereafter,"[부] 그후에, 그때부터"
4327,해커스,campaign,캠페인을 벌이다
4328,해커스,made to order,주문제작된
4329,해커스,follow up,~을 덧붙이다; ~을 더 알아보다
4330,해커스,push through,추진하다; 끝까지 해내다
4331,해커스,rid of,~을 없애다
4332,해커스,keep in motion,계속 움직이다
4333,해커스,brand-new,"[형] 신품의, 새로운"
4334,해커스,expanse,[명] 넓게 트인 지역
4335,해커스,territory,"[명] 영토, 영역"
4336,해커스,tryout,입단테스트
4337,해커스,ought to,~해야 한다
4338,해커스,hub,"[명] 중심지, 중추"
4339,해커스,disrepair,황폐
4340,해커스,inspector,"[명] 조사관, 경위, 검표원"
4341,해커스,lap,"[명] 무릎, 한 바퀴, 한 구간[동] 물이 찰랑거리다, (동물이) 물을 핥다"
4342,해커스,established,인정받는; 안정된
4343,해커스,outlook,"[명] 전망, 경치, 견해, 관점"
4344,해커스,saturate,"[동] 포화시키다, 흠뻑 적시다"
4345,해커스,figurine,작은 조각상
4346,해커스,personality,"[명] 성격, 개성, 유명인"
4347,해커스,get a bite,간단히 뭘 먹다
4348,해커스,meteorologist,기상학자
4349,해커스,inflatable,부풀리게 되어있는
4350,해커스,practice,"실행, 관행, 제도"
4351,해커스,call a meeting,회의를 소집하다
4352,해커스,comforting,[형] 위로가 되는
4353,해커스,interpretation,[명] 해석
4354,해커스,discharge,"[동] 해고하다, 방출하다, 떠나기를 허락하다[명] 해고, 방출, 면제"
4355,해커스,screen,"가리다, 보호하다"
4356,해커스,pending,"[형] 미결인, 임박한, 있을 때까지"
4357,해커스,leave behind,영원히 떠나다; ~을 훨씬 앞서다
4358,해커스,explicitly,[부] 명쾌하게
4359,해커스,reliably,"[부] 믿음직하게, 확실히"
4360,해커스,judging from,~으로 판단하건대
4361,해커스,claim,"요구, 청구"
4362,해커스,nature,"종류, 특성"
4363,해커스,upon,~할 때
4364,해커스,fly in,비행기로 도착하다
4365,해커스,destruction,"[명] 훼손, 파괴, 파멸"
4366,해커스,kitchenette,간이부엌
4367,해커스,in accordance with,~에 따라
4368,해커스,market,수요
4369,해커스,apparatus,"[명] 기관, 장치, 조직체"
4370,해커스,damp,[형] 축축한
4371,해커스,runner-up,2위
4372,해커스,bring something to life,~을 생생하게 하다
4373,해커스,strike,계약을 체결하다
4374,해커스,disparity,[명] 차이
4375,해커스,midst,중앙
4376,해커스,work out,합의하다; 해결하다
4377,해커스,comprise,[동] ~로 이루어지다
4378,해커스,commemoration,기념
4379,해커스,mail out,발송하다
4380,해커스,commit,"[동] (죄 등을) 저지르다, 약속하다, 헌신하다"
4381,해커스,pertain to,~에 관한 것이다
4382,해커스,forego,포기하다
4383,해커스,annex(e),"별관, 부록"
4384,해커스,liquor,[명] 술
4385,해커스,recall,기억해내다; 회수
4386,해커스,practical,"[형] 실용적인, 현실적인"
4387,해커스,practically,"[부] 사실상, 현실적으로, 거의"
4388,해커스,neglect,"[동] 방치하다, 소홀히하다"
4389,해커스,entrust,[동] (일을) 맡기다
4390,해커스,figure,"[명] 숫자, 인물[동] 중요하다; 판단하다; 이해하다; 계산하다"
4391,해커스,pertinent,"[형] 적절한, 관련있는"
4392,해커스,marginally,미미하게
4393,해커스,consistently,"[부] 끊임없이, 한결같이, 지속적으로"
4394,해커스,intent,"[형] 강한 관심을 보이는, 몰두하는[명] 의도"
4395,해커스,access,[명] 접근(권)
4396,해커스,demanding,"[형] 힘든, 까다로운, 많은 것을 요구하는"
4397,해커스,comprehensive,[형] 종합적인
4398,해커스,habitually,습관적으로
4399,해커스,capably,"유능하게, 훌륭하게"
4400,해커스,tide,"[명] 조류, 흐름"
4401,해커스,immigration,"[명] 이민, 출입국 관리소"
4402,해커스,contingency,"[명] 우연, 뜻밖의 일, 만일의 사태"
4403,해커스,persist,"[동] 고집하다, 지속하다"
4404,해커스,withstand,"[동] 견디다, 버티다"
4405,해커스,in this regard,이점에서
4406,해커스,accustomed,"[형] 익숙한, 길들여진"
4407,해커스,indifferent,[형] 무관심한; 그저 그런
4408,해커스,expedite,더 신속히 처리하다
4409,해커스,royalty,"사용료, 저작권료"
4410,해커스,premium,"[명] 보험료, 할증료[형] 고급의"
4411,해커스,due,"[명] 회비(요금)[형] ~하기로 되어 있는, (돈을) 지불해야 하는"
4412,해커스,deliberation,"[명] 심사숙고, 신중함"
4413,해커스,effective,"[형] 효과적인, 시행되는"
4414,해커스,greenhouse,[명] 온실
4415,해커스,to blame,책임이 있는
4416,해커스,blame,(부정적) 책임
4417,해커스,a host of,다수의
4418,해커스,Good call,좋은 생각이다
4419,해커스,testify,"[동] 증언하다, 증명하다"
4420,해커스,enterprise,"[명] 기업, 사업"
4421,해커스,frosting,아이싱
4422,해커스,exotic,"[형] 이국풍의, 외래의"
4423,해커스,bud,"[명] 싹, 봉오리, 친구"
4424,해커스,accomplished,"[형] 완성된, 기량이 뛰어난"
4425,해커스,varsity,[명] 대표팀
4426,해커스,cordially,진심으로
4427,해커스,must have p.p,~했음에 틀림없다
4428,해커스,fundamental,"[형] 근본적인, 필수의"
4429,해커스,improvisational,즉흥적인
4430,해커스,a ton of,많은
4431,해커스,cutlery,식기도구
